mapping_id,reviewer_decision,reviewer_note,reviewed_by,reviewed_at
errskill__00449d076c2ff54c,NEEDS_REVIEW,No explicit human approval or rejection supplied; retained as unresolved candidate.,,
errskill__0059831dc243d2f4,NEEDS_REVIEW,No explicit human approval or rejection supplied; retained as unresolved candidate.,,
errskill__0074ac41c7c44625,NEEDS_REVIEW,No explicit human approval or rejection supplied; retained as unresolved candidate.,,
errskill__008919810ea4a304,NEEDS_REVIEW,No explicit human approval or rejection supplied; retained as unresolved candidate.,,
errskill__0094d2286f942bbd,NEEDS_REVIEW,No explicit human approval or rejection supplied; retained as unresolved candidate.,,
errskill__00a48b603babb345,NEEDS_REVIEW,No explicit human approval or rejection supplied; retained as unresolved candidate.,,
errskill__00c4de5bd613eb6c,NEEDS_REVIEW,No explicit human approval or rejection supplied; retained as unresolved candidate.,,
errskill__00ed787037fd25e2,NEEDS_REVIEW,No explicit human approval or rejection supplied; retained as unresolved candidate.,,
errskill__016418da7822766a,NEEDS_REVIEW,No explicit human approval or rejection supplied; retained as unresolved candidate.,,
errskill__01abd011c87c6bf9,NEEDS_REVIEW,No explicit human approval or rejection supplied; retained as unresolved candidate.,,
errskill__0256ea1d1a3bab3f,NEEDS_REVIEW,No explicit human approval or rejection supplied; retained as unresolved candidate.,,
errskill__0257e2c5cbbb86e6,NEEDS_REVIEW,No explicit human approval or rejection supplied; retained as unresolved candidate.,,
errskill__02e62f15072e7592,NEEDS_REVIEW,No explicit human approval or rejection supplied; retained as unresolved candidate.,,
errskill__02e6376030474edd,NEEDS_REVIEW,No explicit human approval or rejection supplied; retained as unresolved candidate.,,
errskill__03044dbac7e08acf,NEEDS_REVIEW,No explicit human approval or rejection supplied; retained as unresolved candidate.,,
errskill__039b426af668973b,NEEDS_REVIEW,No explicit human approval or rejection supplied; retained as unresolved candidate.,,
errskill__03ca67936bfb6a5c,NEEDS_REVIEW,No explicit human approval or rejection supplied; retained as unresolved candidate.,,
errskill__040c6dae713b2d6d,NEEDS_REVIEW,No explicit human approval or rejection supplied; retained as unresolved candidate.,,
errskill__045b83c468f35297,NEEDS_REVIEW,No explicit human approval or rejection supplied; retained as unresolved candidate.,,
errskill__04a22b17c7db0a5a,NEEDS_REVIEW,No explicit human approval or rejection supplied; retained as unresolved candidate.,,
errskill__04a3d302ba59a1d3,NEEDS_REVIEW,No explicit human approval or rejection supplied; retained as unresolved candidate.,,
errskill__04b7e01d95f41d30,NEEDS_REVIEW,No explicit human approval or rejection supplied; retained as unresolved candidate.,,
errskill__0515a85551c7647f,NEEDS_REVIEW,No explicit human approval or rejection supplied; retained as unresolved candidate.,,
errskill__0526c2bd6b9804e8,NEEDS_REVIEW,No explicit human approval or rejection supplied; retained as unresolved candidate.,,
errskill__055f7b727dea246c,NEEDS_REVIEW,No explicit human approval or rejection supplied; retained as unresolved candidate.,,
errskill__0566c7547f06a59f,NEEDS_REVIEW,No explicit human approval or rejection supplied; retained as unresolved candidate.,,
errskill__059920cba5b6b71f,NEEDS_REVIEW,No explicit human approval or rejection supplied; retained as unresolved candidate.,,
errskill__05b587cc456926c4,NEEDS_REVIEW,No explicit human approval or rejection supplied; retained as unresolved candidate.,,
errskill__05ee6d47fdb56242,NEEDS_REVIEW,No explicit human approval or rejection supplied; retained as unresolved candidate.,,
errskill__0624a76f9be9e82e,NEEDS_REVIEW,No explicit human approval or rejection supplied; retained as unresolved candidate.,,
errskill__06e37fd1be336303,NEEDS_REVIEW,No explicit human approval or rejection supplied; retained as unresolved candidate.,,
errskill__06ebd5b6f3cfd16f,NEEDS_REVIEW,No explicit human approval or rejection supplied; retained as unresolved candidate.,,
errskill__071bdc1cc39e2c30,NEEDS_REVIEW,No explicit human approval or rejection supplied; retained as unresolved candidate.,,
errskill__073b575cd1dba3ad,NEEDS_REVIEW,No explicit human approval or rejection supplied; retained as unresolved candidate.,,
errskill__079a015f66bca793,NEEDS_REVIEW,No explicit human approval or rejection supplied; retained as unresolved candidate.,,
errskill__07ee896f73bd19b1,NEEDS_REVIEW,No explicit human approval or rejection supplied; retained as unresolved candidate.,,
errskill__0873c9b88cfd269a,NEEDS_REVIEW,No explicit human approval or rejection supplied; retained as unresolved candidate.,,
errskill__08a44a439fa9be52,NEEDS_REVIEW,No explicit human approval or rejection supplied; retained as unresolved candidate.,,
errskill__08f9cdd1e826f6d5,NEEDS_REVIEW,No explicit human approval or rejection supplied; retained as unresolved candidate.,,
errskill__0908a20c3eb40be1,NEEDS_REVIEW,No explicit human approval or rejection supplied; retained as unresolved candidate.,,
errskill__093b78dfa78f97f1,NEEDS_REVIEW,No explicit human approval or rejection supplied; retained as unresolved candidate.,,
errskill__096d5b9ecd373b68,NEEDS_REVIEW,No explicit human approval or rejection supplied; retained as unresolved candidate.,,
errskill__09a7d663e967cc68,NEEDS_REVIEW,No explicit human approval or rejection supplied; retained as unresolved candidate.,,
errskill__09caaecd5450fc0f,NEEDS_REVIEW,No explicit human approval or rejection supplied; retained as unresolved candidate.,,
errskill__0adf463c0a3d8873,NEEDS_REVIEW,No explicit human approval or rejection supplied; retained as unresolved candidate.,,
errskill__0c431ab49a91c36a,NEEDS_REVIEW,No explicit human approval or rejection supplied; retained as unresolved candidate.,,
errskill__0c6f8ea4a97a63cd,NEEDS_REVIEW,No explicit human approval or rejection supplied; retained as unresolved candidate.,,
errskill__0cbe2a9e28d1a3e9,NEEDS_REVIEW,No explicit human approval or rejection supplied; retained as unresolved candidate.,,
errskill__0ccefa329548d3ee,NEEDS_REVIEW,No explicit human approval or rejection supplied; retained as unresolved candidate.,,
errskill__0d02935593f6c52f,NEEDS_REVIEW,No explicit human approval or rejection supplied; retained as unresolved candidate.,,
errskill__0d22f405c710e6a5,NEEDS_REVIEW,No explicit human approval or rejection supplied; retained as unresolved candidate.,,
errskill__0d376f99982b1449,NEEDS_REVIEW,No explicit human approval or rejection supplied; retained as unresolved candidate.,,
errskill__0d7682314622f4d5,NEEDS_REVIEW,No explicit human approval or rejection supplied; retained as unresolved candidate.,,
errskill__0d92840cd7fd1892,NEEDS_REVIEW,No explicit human approval or rejection supplied; retained as unresolved candidate.,,
errskill__0d97ce93a7687377,NEEDS_REVIEW,No explicit human approval or rejection supplied; retained as unresolved candidate.,,
errskill__0d9efde01f4a54bd,NEEDS_REVIEW,No explicit human approval or rejection supplied; retained as unresolved candidate.,,
errskill__0daf01a9fb411cea,NEEDS_REVIEW,No explicit human approval or rejection supplied; retained as unresolved candidate.,,
errskill__0dd615ba19097f18,NEEDS_REVIEW,No explicit human approval or rejection supplied; retained as unresolved candidate.,,
errskill__0e0f69462d15fe2a,NEEDS_REVIEW,No explicit human approval or rejection supplied; retained as unresolved candidate.,,
errskill__0e30a2bc4011bd05,NEEDS_REVIEW,No explicit human approval or rejection supplied; retained as unresolved candidate.,,
errskill__0eb81f3761521ecd,NEEDS_REVIEW,No explicit human approval or rejection supplied; retained as unresolved candidate.,,
errskill__0f1683f80fce09c0,NEEDS_REVIEW,No explicit human approval or rejection supplied; retained as unresolved candidate.,,
errskill__0f8d30a07c484fbc,NEEDS_REVIEW,No explicit human approval or rejection supplied; retained as unresolved candidate.,,
errskill__101e693f2f06d2be,NEEDS_REVIEW,No explicit human approval or rejection supplied; retained as unresolved candidate.,,
errskill__1085918be2e4dd2a,NEEDS_REVIEW,No explicit human approval or rejection supplied; retained as unresolved candidate.,,
errskill__1098ae94778c4384,NEEDS_REVIEW,No explicit human approval or rejection supplied; retained as unresolved candidate.,,
errskill__11245c8704f37666,NEEDS_REVIEW,No explicit human approval or rejection supplied; retained as unresolved candidate.,,
errskill__122446245a28e249,NEEDS_REVIEW,No explicit human approval or rejection supplied; retained as unresolved candidate.,,
errskill__1279d1cbc8c294cc,NEEDS_REVIEW,No explicit human approval or rejection supplied; retained as unresolved candidate.,,
errskill__12e91b0f2c48f096,NEEDS_REVIEW,No explicit human approval or rejection supplied; retained as unresolved candidate.,,
errskill__1390e803c417f037,NEEDS_REVIEW,No explicit human approval or rejection supplied; retained as unresolved candidate.,,
errskill__13abc64b6b4e35db,NEEDS_REVIEW,No explicit human approval or rejection supplied; retained as unresolved candidate.,,
errskill__14d8797159f647ef,NEEDS_REVIEW,No explicit human approval or rejection supplied; retained as unresolved candidate.,,
errskill__14e1ab77b8b81686,NEEDS_REVIEW,No explicit human approval or rejection supplied; retained as unresolved candidate.,,
errskill__14f25b20851bf3c8,NEEDS_REVIEW,No explicit human approval or rejection supplied; retained as unresolved candidate.,,
errskill__152041ac80a8f4c5,NEEDS_REVIEW,No explicit human approval or rejection supplied; retained as unresolved candidate.,,
errskill__154b21f64b3b0407,NEEDS_REVIEW,No explicit human approval or rejection supplied; retained as unresolved candidate.,,
errskill__158da6c1413e4370,NEEDS_REVIEW,No explicit human approval or rejection supplied; retained as unresolved candidate.,,
errskill__1596b691a9684f5c,NEEDS_REVIEW,No explicit human approval or rejection supplied; retained as unresolved candidate.,,
errskill__16170327882dfd85,NEEDS_REVIEW,No explicit human approval or rejection supplied; retained as unresolved candidate.,,
errskill__16f0a42d20db510c,NEEDS_REVIEW,No explicit human approval or rejection supplied; retained as unresolved candidate.,,
errskill__179de2f27e9b3e0a,NEEDS_REVIEW,No explicit human approval or rejection supplied; retained as unresolved candidate.,,
errskill__17e817a6b55d2ad7,NEEDS_REVIEW,No explicit human approval or rejection supplied; retained as unresolved candidate.,,
errskill__18d73cb9a9bdbcb9,NEEDS_REVIEW,No explicit human approval or rejection supplied; retained as unresolved candidate.,,
errskill__19262e7e1446a9cf,NEEDS_REVIEW,No explicit human approval or rejection supplied; retained as unresolved candidate.,,
errskill__193979cedcf2b3e8,NEEDS_REVIEW,No explicit human approval or rejection supplied; retained as unresolved candidate.,,
errskill__19415bc5e291000a,NEEDS_REVIEW,No explicit human approval or rejection supplied; retained as unresolved candidate.,,
errskill__1a2d4b740f938f97,NEEDS_REVIEW,No explicit human approval or rejection supplied; retained as unresolved candidate.,,
errskill__1a969260a5cdfc48,NEEDS_REVIEW,No explicit human approval or rejection supplied; retained as unresolved candidate.,,
errskill__1aa46750a30d8536,NEEDS_REVIEW,No explicit human approval or rejection supplied; retained as unresolved candidate.,,
errskill__1b0b8c052fa32eb6,NEEDS_REVIEW,No explicit human approval or rejection supplied; retained as unresolved candidate.,,
errskill__1b73fb4dbacdb2b3,NEEDS_REVIEW,No explicit human approval or rejection supplied; retained as unresolved candidate.,,
errskill__1b9f3196b4e3af8c,NEEDS_REVIEW,No explicit human approval or rejection supplied; retained as unresolved candidate.,,
errskill__1bb08192d9108426,NEEDS_REVIEW,No explicit human approval or rejection supplied; retained as unresolved candidate.,,
errskill__1bedddf4fe0bf3b9,NEEDS_REVIEW,No explicit human approval or rejection supplied; retained as unresolved candidate.,,
errskill__1c2460f9e3750aad,NEEDS_REVIEW,No explicit human approval or rejection supplied; retained as unresolved candidate.,,
errskill__1c5490f9c905c488,NEEDS_REVIEW,No explicit human approval or rejection supplied; retained as unresolved candidate.,,
errskill__1c7e4a62338d5b71,NEEDS_REVIEW,No explicit human approval or rejection supplied; retained as unresolved candidate.,,
errskill__1d016ad8601c4107,NEEDS_REVIEW,No explicit human approval or rejection supplied; retained as unresolved candidate.,,
errskill__1d29e0826f97523d,NEEDS_REVIEW,No explicit human approval or rejection supplied; retained as unresolved candidate.,,
errskill__1d71b0ff9bc3559e,NEEDS_REVIEW,No explicit human approval or rejection supplied; retained as unresolved candidate.,,
errskill__1df0b2af3336005a,NEEDS_REVIEW,No explicit human approval or rejection supplied; retained as unresolved candidate.,,
errskill__1df5065f27b92825,NEEDS_REVIEW,No explicit human approval or rejection supplied; retained as unresolved candidate.,,
errskill__1f02dbfc56bd5cbf,NEEDS_REVIEW,No explicit human approval or rejection supplied; retained as unresolved candidate.,,
errskill__1f349118362aae13,NEEDS_REVIEW,No explicit human approval or rejection supplied; retained as unresolved candidate.,,
errskill__1f3bb182c288148d,NEEDS_REVIEW,No explicit human approval or rejection supplied; retained as unresolved candidate.,,
errskill__1f684647e4a917cf,NEEDS_REVIEW,No explicit human approval or rejection supplied; retained as unresolved candidate.,,
errskill__2000481ce60d7047,NEEDS_REVIEW,No explicit human approval or rejection supplied; retained as unresolved candidate.,,
errskill__20141e59956bacf5,NEEDS_REVIEW,No explicit human approval or rejection supplied; retained as unresolved candidate.,,
errskill__211ddf1e565bf611,NEEDS_REVIEW,No explicit human approval or rejection supplied; retained as unresolved candidate.,,
errskill__2165d11e4fbb7c19,NEEDS_REVIEW,No explicit human approval or rejection supplied; retained as unresolved candidate.,,
errskill__216dd3abde031c99,NEEDS_REVIEW,No explicit human approval or rejection supplied; retained as unresolved candidate.,,
errskill__21921f856c3966a6,NEEDS_REVIEW,No explicit human approval or rejection supplied; retained as unresolved candidate.,,
errskill__21c1f554e02b3e67,NEEDS_REVIEW,No explicit human approval or rejection supplied; retained as unresolved candidate.,,
errskill__21ca5df7fefc396c,NEEDS_REVIEW,No explicit human approval or rejection supplied; retained as unresolved candidate.,,
errskill__2212118805c8dcc3,NEEDS_REVIEW,No explicit human approval or rejection supplied; retained as unresolved candidate.,,
errskill__2225dbd505586abe,NEEDS_REVIEW,No explicit human approval or rejection supplied; retained as unresolved candidate.,,
errskill__227eedac5bbd6a0a,NEEDS_REVIEW,No explicit human approval or rejection supplied; retained as unresolved candidate.,,
errskill__2355a0b509739ea0,NEEDS_REVIEW,No explicit human approval or rejection supplied; retained as unresolved candidate.,,
errskill__2490d67824935cae,NEEDS_REVIEW,No explicit human approval or rejection supplied; retained as unresolved candidate.,,
errskill__2494448bf711ba25,NEEDS_REVIEW,No explicit human approval or rejection supplied; retained as unresolved candidate.,,
errskill__24c30dfed8f3316f,NEEDS_REVIEW,No explicit human approval or rejection supplied; retained as unresolved candidate.,,
errskill__24c97d0a42e188b6,NEEDS_REVIEW,No explicit human approval or rejection supplied; retained as unresolved candidate.,,
errskill__24f52a969c578966,NEEDS_REVIEW,No explicit human approval or rejection supplied; retained as unresolved candidate.,,
errskill__2564e186e6df6fda,NEEDS_REVIEW,No explicit human approval or rejection supplied; retained as unresolved candidate.,,
errskill__25870f429084a02f,NEEDS_REVIEW,No explicit human approval or rejection supplied; retained as unresolved candidate.,,
errskill__25b61dd9ca8466b7,NEEDS_REVIEW,No explicit human approval or rejection supplied; retained as unresolved candidate.,,
errskill__25ce6e8738fa1c55,NEEDS_REVIEW,No explicit human approval or rejection supplied; retained as unresolved candidate.,,
errskill__2641ad5263778c44,NEEDS_REVIEW,No explicit human approval or rejection supplied; retained as unresolved candidate.,,
errskill__26c7b7b3113b9687,NEEDS_REVIEW,No explicit human approval or rejection supplied; retained as unresolved candidate.,,
errskill__26cf7e07598b9c43,NEEDS_REVIEW,No explicit human approval or rejection supplied; retained as unresolved candidate.,,
errskill__273f59c3428c8cac,NEEDS_REVIEW,No explicit human approval or rejection supplied; retained as unresolved candidate.,,
errskill__27573a02eaedbee0,NEEDS_REVIEW,No explicit human approval or rejection supplied; retained as unresolved candidate.,,
errskill__278708aa2bf37532,NEEDS_REVIEW,No explicit human approval or rejection supplied; retained as unresolved candidate.,,
errskill__27b758456a627e0b,NEEDS_REVIEW,No explicit human approval or rejection supplied; retained as unresolved candidate.,,
errskill__284cec284b4b4cba,NEEDS_REVIEW,No explicit human approval or rejection supplied; retained as unresolved candidate.,,
errskill__2859c467740d86f6,NEEDS_REVIEW,No explicit human approval or rejection supplied; retained as unresolved candidate.,,
errskill__28635432b650549a,NEEDS_REVIEW,No explicit human approval or rejection supplied; retained as unresolved candidate.,,
errskill__287a455298c2018b,NEEDS_REVIEW,No explicit human approval or rejection supplied; retained as unresolved candidate.,,
errskill__28b29e1a87c6dbfe,NEEDS_REVIEW,No explicit human approval or rejection supplied; retained as unresolved candidate.,,
errskill__290ef8e01cb9de4a,NEEDS_REVIEW,No explicit human approval or rejection supplied; retained as unresolved candidate.,,
errskill__293efe0f0c3f7b09,NEEDS_REVIEW,No explicit human approval or rejection supplied; retained as unresolved candidate.,,
errskill__294336697285887d,NEEDS_REVIEW,No explicit human approval or rejection supplied; retained as unresolved candidate.,,
errskill__298150a25d9b904d,NEEDS_REVIEW,No explicit human approval or rejection supplied; retained as unresolved candidate.,,
errskill__29966b27fad75d08,NEEDS_REVIEW,No explicit human approval or rejection supplied; retained as unresolved candidate.,,
errskill__29f3f8f6192d4a26,NEEDS_REVIEW,No explicit human approval or rejection supplied; retained as unresolved candidate.,,
errskill__2a4df801a5d89a0e,NEEDS_REVIEW,No explicit human approval or rejection supplied; retained as unresolved candidate.,,
errskill__2ab2a7b2c8341aa8,NEEDS_REVIEW,No explicit human approval or rejection supplied; retained as unresolved candidate.,,
errskill__2ab49d87fea5b136,NEEDS_REVIEW,No explicit human approval or rejection supplied; retained as unresolved candidate.,,
errskill__2afc6ce71a0ed7f1,NEEDS_REVIEW,No explicit human approval or rejection supplied; retained as unresolved candidate.,,
errskill__2b6e9be0d2af9c03,NEEDS_REVIEW,No explicit human approval or rejection supplied; retained as unresolved candidate.,,
errskill__2ba2f4401d5c09c5,NEEDS_REVIEW,No explicit human approval or rejection supplied; retained as unresolved candidate.,,
errskill__2c3ea77a107906ca,NEEDS_REVIEW,No explicit human approval or rejection supplied; retained as unresolved candidate.,,
errskill__2c8acbddc21cea73,NEEDS_REVIEW,No explicit human approval or rejection supplied; retained as unresolved candidate.,,
errskill__2ca8f4940963cd4c,NEEDS_REVIEW,No explicit human approval or rejection supplied; retained as unresolved candidate.,,
errskill__2cbf22c3220cb3ed,NEEDS_REVIEW,No explicit human approval or rejection supplied; retained as unresolved candidate.,,
errskill__2d3c39b9ea3878b3,NEEDS_REVIEW,No explicit human approval or rejection supplied; retained as unresolved candidate.,,
errskill__2d752dc766e88847,NEEDS_REVIEW,No explicit human approval or rejection supplied; retained as unresolved candidate.,,
errskill__2dfe62c7ca42c1a8,NEEDS_REVIEW,No explicit human approval or rejection supplied; retained as unresolved candidate.,,
errskill__2e257ebc77aafc57,NEEDS_REVIEW,No explicit human approval or rejection supplied; retained as unresolved candidate.,,
errskill__2e4de592beb66d49,NEEDS_REVIEW,No explicit human approval or rejection supplied; retained as unresolved candidate.,,
errskill__2e6546a5d600f42a,NEEDS_REVIEW,No explicit human approval or rejection supplied; retained as unresolved candidate.,,
errskill__2ead6812bc19562e,NEEDS_REVIEW,No explicit human approval or rejection supplied; retained as unresolved candidate.,,
errskill__2eae9cadc1856d19,NEEDS_REVIEW,No explicit human approval or rejection supplied; retained as unresolved candidate.,,
errskill__2efbf8149174bfc4,NEEDS_REVIEW,No explicit human approval or rejection supplied; retained as unresolved candidate.,,
errskill__300203e7ec5e46a9,NEEDS_REVIEW,No explicit human approval or rejection supplied; retained as unresolved candidate.,,
errskill__3024ae29f72eb169,NEEDS_REVIEW,No explicit human approval or rejection supplied; retained as unresolved candidate.,,
errskill__3064ca7b25dfa35a,NEEDS_REVIEW,No explicit human approval or rejection supplied; retained as unresolved candidate.,,
errskill__315f5dddb70dd954,NEEDS_REVIEW,No explicit human approval or rejection supplied; retained as unresolved candidate.,,
errskill__31d2159e0bf99598,NEEDS_REVIEW,No explicit human approval or rejection supplied; retained as unresolved candidate.,,
errskill__31e3607c5cada565,NEEDS_REVIEW,No explicit human approval or rejection supplied; retained as unresolved candidate.,,
errskill__31ef9ac4856ce581,NEEDS_REVIEW,No explicit human approval or rejection supplied; retained as unresolved candidate.,,
errskill__3257f38bcda9a6e2,NEEDS_REVIEW,No explicit human approval or rejection supplied; retained as unresolved candidate.,,
errskill__330a1ab5bfd0d3f0,NEEDS_REVIEW,No explicit human approval or rejection supplied; retained as unresolved candidate.,,
errskill__330afde2eeb5d0be,NEEDS_REVIEW,No explicit human approval or rejection supplied; retained as unresolved candidate.,,
errskill__33212ecb04eddc9a,NEEDS_REVIEW,No explicit human approval or rejection supplied; retained as unresolved candidate.,,
errskill__33a18dc83f54f532,NEEDS_REVIEW,No explicit human approval or rejection supplied; retained as unresolved candidate.,,
errskill__33bf122e7dd65e85,NEEDS_REVIEW,No explicit human approval or rejection supplied; retained as unresolved candidate.,,
errskill__33c55814a8168d2b,NEEDS_REVIEW,No explicit human approval or rejection supplied; retained as unresolved candidate.,,
errskill__33fa472361fa5518,NEEDS_REVIEW,No explicit human approval or rejection supplied; retained as unresolved candidate.,,
errskill__3524e4dbdab1e130,NEEDS_REVIEW,No explicit human approval or rejection supplied; retained as unresolved candidate.,,
errskill__35489ade8cb97f53,NEEDS_REVIEW,No explicit human approval or rejection supplied; retained as unresolved candidate.,,
errskill__35c75826f528d4ec,NEEDS_REVIEW,No explicit human approval or rejection supplied; retained as unresolved candidate.,,
errskill__3611e13b7caf545c,NEEDS_REVIEW,No explicit human approval or rejection supplied; retained as unresolved candidate.,,
errskill__366ca1e2f2584911,NEEDS_REVIEW,No explicit human approval or rejection supplied; retained as unresolved candidate.,,
errskill__36b73bd025934e8f,NEEDS_REVIEW,No explicit human approval or rejection supplied; retained as unresolved candidate.,,
errskill__36f0dddccf1fef34,NEEDS_REVIEW,No explicit human approval or rejection supplied; retained as unresolved candidate.,,
errskill__376a774b10bd1d01,NEEDS_REVIEW,No explicit human approval or rejection supplied; retained as unresolved candidate.,,
errskill__383e035d22dd9845,NEEDS_REVIEW,No explicit human approval or rejection supplied; retained as unresolved candidate.,,
errskill__383fb92d7616a881,NEEDS_REVIEW,No explicit human approval or rejection supplied; retained as unresolved candidate.,,
errskill__3a0cf50029cf0d57,NEEDS_REVIEW,No explicit human approval or rejection supplied; retained as unresolved candidate.,,
errskill__3a28eae64728b17c,NEEDS_REVIEW,No explicit human approval or rejection supplied; retained as unresolved candidate.,,
errskill__3ad59017734cc473,NEEDS_REVIEW,No explicit human approval or rejection supplied; retained as unresolved candidate.,,
errskill__3add3177b232847a,NEEDS_REVIEW,No explicit human approval or rejection supplied; retained as unresolved candidate.,,
errskill__3afd65e95f696dd2,NEEDS_REVIEW,No explicit human approval or rejection supplied; retained as unresolved candidate.,,
errskill__3b421bb2b3ed84ae,NEEDS_REVIEW,No explicit human approval or rejection supplied; retained as unresolved candidate.,,
errskill__3b75a2ecc99643b2,NEEDS_REVIEW,No explicit human approval or rejection supplied; retained as unresolved candidate.,,
errskill__3c18e362710ea20d,NEEDS_REVIEW,No explicit human approval or rejection supplied; retained as unresolved candidate.,,
errskill__3c1fac0225610189,NEEDS_REVIEW,No explicit human approval or rejection supplied; retained as unresolved candidate.,,
errskill__3ca5dbd403666ed5,NEEDS_REVIEW,No explicit human approval or rejection supplied; retained as unresolved candidate.,,
errskill__3cfd81864dfd4630,NEEDS_REVIEW,No explicit human approval or rejection supplied; retained as unresolved candidate.,,
errskill__3d1d550c7679eb25,NEEDS_REVIEW,No explicit human approval or rejection supplied; retained as unresolved candidate.,,
errskill__3d260d1b92d9e473,NEEDS_REVIEW,No explicit human approval or rejection supplied; retained as unresolved candidate.,,
errskill__3d4eb6eb8d0bab28,NEEDS_REVIEW,No explicit human approval or rejection supplied; retained as unresolved candidate.,,
errskill__3e03dbe4eb7dc9f8,NEEDS_REVIEW,No explicit human approval or rejection supplied; retained as unresolved candidate.,,
errskill__3e0b0ccb3fd632a2,NEEDS_REVIEW,No explicit human approval or rejection supplied; retained as unresolved candidate.,,
errskill__3e202daa873a9111,NEEDS_REVIEW,No explicit human approval or rejection supplied; retained as unresolved candidate.,,
errskill__3eae8e5b0be9a8bf,NEEDS_REVIEW,No explicit human approval or rejection supplied; retained as unresolved candidate.,,
errskill__3ec456ed2a2131b8,NEEDS_REVIEW,No explicit human approval or rejection supplied; retained as unresolved candidate.,,
errskill__3f30ed27d8bff8e1,NEEDS_REVIEW,No explicit human approval or rejection supplied; retained as unresolved candidate.,,
errskill__3fd90ac323c0718d,NEEDS_REVIEW,No explicit human approval or rejection supplied; retained as unresolved candidate.,,
errskill__40032dad6d8a75ae,NEEDS_REVIEW,No explicit human approval or rejection supplied; retained as unresolved candidate.,,
errskill__40066d4d8e962049,NEEDS_REVIEW,No explicit human approval or rejection supplied; retained as unresolved candidate.,,
errskill__401292e52024e0cf,NEEDS_REVIEW,No explicit human approval or rejection supplied; retained as unresolved candidate.,,
errskill__40a9b249916a062c,NEEDS_REVIEW,No explicit human approval or rejection supplied; retained as unresolved candidate.,,
errskill__40eee6facd3d4318,NEEDS_REVIEW,No explicit human approval or rejection supplied; retained as unresolved candidate.,,
errskill__4143050a80ef50de,NEEDS_REVIEW,No explicit human approval or rejection supplied; retained as unresolved candidate.,,
errskill__415d9adfcc17f4ab,NEEDS_REVIEW,No explicit human approval or rejection supplied; retained as unresolved candidate.,,
errskill__417b208993e86277,NEEDS_REVIEW,No explicit human approval or rejection supplied; retained as unresolved candidate.,,
errskill__41a5916ab6fac096,NEEDS_REVIEW,No explicit human approval or rejection supplied; retained as unresolved candidate.,,
errskill__41e974f750637e19,NEEDS_REVIEW,No explicit human approval or rejection supplied; retained as unresolved candidate.,,
errskill__426df33af95cb137,NEEDS_REVIEW,No explicit human approval or rejection supplied; retained as unresolved candidate.,,
errskill__42820faddd5440c6,NEEDS_REVIEW,No explicit human approval or rejection supplied; retained as unresolved candidate.,,
errskill__43115a1c8e19de01,NEEDS_REVIEW,No explicit human approval or rejection supplied; retained as unresolved candidate.,,
errskill__437718ce468f3d6c,NEEDS_REVIEW,No explicit human approval or rejection supplied; retained as unresolved candidate.,,
errskill__43c2ee31a6772c00,NEEDS_REVIEW,No explicit human approval or rejection supplied; retained as unresolved candidate.,,
errskill__43ca91b52d3348e1,NEEDS_REVIEW,No explicit human approval or rejection supplied; retained as unresolved candidate.,,
errskill__4428bd98a96c9189,NEEDS_REVIEW,No explicit human approval or rejection supplied; retained as unresolved candidate.,,
errskill__442d898d9f960b70,NEEDS_REVIEW,No explicit human approval or rejection supplied; retained as unresolved candidate.,,
errskill__448249493fdc9476,NEEDS_REVIEW,No explicit human approval or rejection supplied; retained as unresolved candidate.,,
errskill__4505caf371af0bf4,NEEDS_REVIEW,No explicit human approval or rejection supplied; retained as unresolved candidate.,,
errskill__450fb84b2e50534b,NEEDS_REVIEW,No explicit human approval or rejection supplied; retained as unresolved candidate.,,
errskill__46038933d847a1ce,NEEDS_REVIEW,No explicit human approval or rejection supplied; retained as unresolved candidate.,,
errskill__46a470de03eacc1c,NEEDS_REVIEW,No explicit human approval or rejection supplied; retained as unresolved candidate.,,
errskill__472c0a83f7d3420c,NEEDS_REVIEW,No explicit human approval or rejection supplied; retained as unresolved candidate.,,
errskill__473370ce5c59b7e7,NEEDS_REVIEW,No explicit human approval or rejection supplied; retained as unresolved candidate.,,
errskill__4861d43da932b849,NEEDS_REVIEW,No explicit human approval or rejection supplied; retained as unresolved candidate.,,
errskill__486db04a170b1519,NEEDS_REVIEW,No explicit human approval or rejection supplied; retained as unresolved candidate.,,
errskill__48a97ef9545e20a1,NEEDS_REVIEW,No explicit human approval or rejection supplied; retained as unresolved candidate.,,
errskill__48ddd7662dff2c6f,NEEDS_REVIEW,No explicit human approval or rejection supplied; retained as unresolved candidate.,,
errskill__48f1a77ea76ff8d3,NEEDS_REVIEW,No explicit human approval or rejection supplied; retained as unresolved candidate.,,
errskill__491ab6d71f00941e,NEEDS_REVIEW,No explicit human approval or rejection supplied; retained as unresolved candidate.,,
errskill__49541ef0085b5871,NEEDS_REVIEW,No explicit human approval or rejection supplied; retained as unresolved candidate.,,
errskill__498079f6e7b3ba2e,NEEDS_REVIEW,No explicit human approval or rejection supplied; retained as unresolved candidate.,,
errskill__49808270ef6938a2,NEEDS_REVIEW,No explicit human approval or rejection supplied; retained as unresolved candidate.,,
errskill__498a147d8f06260e,NEEDS_REVIEW,No explicit human approval or rejection supplied; retained as unresolved candidate.,,
errskill__49a2e177ef4d29f9,NEEDS_REVIEW,No explicit human approval or rejection supplied; retained as unresolved candidate.,,
errskill__49bb0efa5e58249a,NEEDS_REVIEW,No explicit human approval or rejection supplied; retained as unresolved candidate.,,
errskill__49fe6e447d349b34,NEEDS_REVIEW,No explicit human approval or rejection supplied; retained as unresolved candidate.,,
errskill__4a00b3c3b1802452,NEEDS_REVIEW,No explicit human approval or rejection supplied; retained as unresolved candidate.,,
errskill__4a038ff016ef70a0,NEEDS_REVIEW,No explicit human approval or rejection supplied; retained as unresolved candidate.,,
errskill__4a35401599d4926e,NEEDS_REVIEW,No explicit human approval or rejection supplied; retained as unresolved candidate.,,
errskill__4a5a9916d2d2ccb4,NEEDS_REVIEW,No explicit human approval or rejection supplied; retained as unresolved candidate.,,
errskill__4a7571ea14d7e94f,NEEDS_REVIEW,No explicit human approval or rejection supplied; retained as unresolved candidate.,,
errskill__4aba8a25a687b706,NEEDS_REVIEW,No explicit human approval or rejection supplied; retained as unresolved candidate.,,
errskill__4acc5fd0eb9fc7f1,NEEDS_REVIEW,No explicit human approval or rejection supplied; retained as unresolved candidate.,,
errskill__4b081679a3dcd746,NEEDS_REVIEW,No explicit human approval or rejection supplied; retained as unresolved candidate.,,
errskill__4b6a28c00ef46b17,NEEDS_REVIEW,No explicit human approval or rejection supplied; retained as unresolved candidate.,,
errskill__4bbff1917f254bb6,NEEDS_REVIEW,No explicit human approval or rejection supplied; retained as unresolved candidate.,,
errskill__4bd96021d6d83a7e,NEEDS_REVIEW,No explicit human approval or rejection supplied; retained as unresolved candidate.,,
errskill__4c772ddd6596918a,NEEDS_REVIEW,No explicit human approval or rejection supplied; retained as unresolved candidate.,,
errskill__4ca8941dbc8ab1dd,NEEDS_REVIEW,No explicit human approval or rejection supplied; retained as unresolved candidate.,,
errskill__4cbe2de8a6970059,NEEDS_REVIEW,No explicit human approval or rejection supplied; retained as unresolved candidate.,,
errskill__4cc82afa77763357,NEEDS_REVIEW,No explicit human approval or rejection supplied; retained as unresolved candidate.,,
errskill__4d3eda6819893349,NEEDS_REVIEW,No explicit human approval or rejection supplied; retained as unresolved candidate.,,
errskill__4d5a44c7c7141190,NEEDS_REVIEW,No explicit human approval or rejection supplied; retained as unresolved candidate.,,
errskill__4e270574dfd674ae,NEEDS_REVIEW,No explicit human approval or rejection supplied; retained as unresolved candidate.,,
errskill__4e85ee177fd796b4,NEEDS_REVIEW,No explicit human approval or rejection supplied; retained as unresolved candidate.,,
errskill__4e92865a20974f25,NEEDS_REVIEW,No explicit human approval or rejection supplied; retained as unresolved candidate.,,
errskill__4efb9a6fc2308111,NEEDS_REVIEW,No explicit human approval or rejection supplied; retained as unresolved candidate.,,
errskill__4f7e20ba522436f1,NEEDS_REVIEW,No explicit human approval or rejection supplied; retained as unresolved candidate.,,
errskill__4fa5f7a11ab19218,NEEDS_REVIEW,No explicit human approval or rejection supplied; retained as unresolved candidate.,,
errskill__4fe03e1718677f7e,NEEDS_REVIEW,No explicit human approval or rejection supplied; retained as unresolved candidate.,,
errskill__4ffbc15d2e5dd667,NEEDS_REVIEW,No explicit human approval or rejection supplied; retained as unresolved candidate.,,
errskill__50467ece31e9e07d,NEEDS_REVIEW,No explicit human approval or rejection supplied; retained as unresolved candidate.,,
errskill__50cbfabccb378603,NEEDS_REVIEW,No explicit human approval or rejection supplied; retained as unresolved candidate.,,
errskill__518d3bde5ba1276a,NEEDS_REVIEW,No explicit human approval or rejection supplied; retained as unresolved candidate.,,
errskill__51eb245a91a0abae,NEEDS_REVIEW,No explicit human approval or rejection supplied; retained as unresolved candidate.,,
errskill__51ec9bed3702742a,NEEDS_REVIEW,No explicit human approval or rejection supplied; retained as unresolved candidate.,,
errskill__523846b0d2c511a0,NEEDS_REVIEW,No explicit human approval or rejection supplied; retained as unresolved candidate.,,
errskill__527f9012b71bb782,NEEDS_REVIEW,No explicit human approval or rejection supplied; retained as unresolved candidate.,,
errskill__531f3fdbd57dab90,NEEDS_REVIEW,No explicit human approval or rejection supplied; retained as unresolved candidate.,,
errskill__5329d2f304666f18,NEEDS_REVIEW,No explicit human approval or rejection supplied; retained as unresolved candidate.,,
errskill__5338a44a026a5df7,NEEDS_REVIEW,No explicit human approval or rejection supplied; retained as unresolved candidate.,,
errskill__5388013d741ece38,NEEDS_REVIEW,No explicit human approval or rejection supplied; retained as unresolved candidate.,,
errskill__53d6462a7ad44a7b,NEEDS_REVIEW,No explicit human approval or rejection supplied; retained as unresolved candidate.,,
errskill__54915164d15bc008,NEEDS_REVIEW,No explicit human approval or rejection supplied; retained as unresolved candidate.,,
errskill__54b752257ef1f176,NEEDS_REVIEW,No explicit human approval or rejection supplied; retained as unresolved candidate.,,
errskill__54bfd44f0b538a16,NEEDS_REVIEW,No explicit human approval or rejection supplied; retained as unresolved candidate.,,
errskill__54c5b699a0f82235,NEEDS_REVIEW,No explicit human approval or rejection supplied; retained as unresolved candidate.,,
errskill__55b51c46a307ad65,NEEDS_REVIEW,No explicit human approval or rejection supplied; retained as unresolved candidate.,,
errskill__561d04b948593a2b,NEEDS_REVIEW,No explicit human approval or rejection supplied; retained as unresolved candidate.,,
errskill__56cba01a9b34e5a0,NEEDS_REVIEW,No explicit human approval or rejection supplied; retained as unresolved candidate.,,
errskill__56f37fd464a3f18d,NEEDS_REVIEW,No explicit human approval or rejection supplied; retained as unresolved candidate.,,
errskill__56f66a42dc0d704a,NEEDS_REVIEW,No explicit human approval or rejection supplied; retained as unresolved candidate.,,
errskill__578b8ecfa7703e26,NEEDS_REVIEW,No explicit human approval or rejection supplied; retained as unresolved candidate.,,
errskill__57a41df4662397f2,NEEDS_REVIEW,No explicit human approval or rejection supplied; retained as unresolved candidate.,,
errskill__57ab4e772a89ac83,NEEDS_REVIEW,No explicit human approval or rejection supplied; retained as unresolved candidate.,,
errskill__58ca145d4696825e,NEEDS_REVIEW,No explicit human approval or rejection supplied; retained as unresolved candidate.,,
errskill__58ed84664a8ed531,NEEDS_REVIEW,No explicit human approval or rejection supplied; retained as unresolved candidate.,,
errskill__5938cd82029cde6f,NEEDS_REVIEW,No explicit human approval or rejection supplied; retained as unresolved candidate.,,
errskill__597c4094bfed985d,NEEDS_REVIEW,No explicit human approval or rejection supplied; retained as unresolved candidate.,,
errskill__599710422847f8ff,NEEDS_REVIEW,No explicit human approval or rejection supplied; retained as unresolved candidate.,,
errskill__59a4e014bc4e569d,NEEDS_REVIEW,No explicit human approval or rejection supplied; retained as unresolved candidate.,,
errskill__5a4ae79d784280ca,NEEDS_REVIEW,No explicit human approval or rejection supplied; retained as unresolved candidate.,,
errskill__5b335ba0d763b0b7,NEEDS_REVIEW,No explicit human approval or rejection supplied; retained as unresolved candidate.,,
errskill__5b61282003240e6c,NEEDS_REVIEW,No explicit human approval or rejection supplied; retained as unresolved candidate.,,
errskill__5b834ad63245a3ef,NEEDS_REVIEW,No explicit human approval or rejection supplied; retained as unresolved candidate.,,
errskill__5bd196f86c19bf7b,NEEDS_REVIEW,No explicit human approval or rejection supplied; retained as unresolved candidate.,,
errskill__5bea623f3894aedd,NEEDS_REVIEW,No explicit human approval or rejection supplied; retained as unresolved candidate.,,
errskill__5c05e1591d847e35,NEEDS_REVIEW,No explicit human approval or rejection supplied; retained as unresolved candidate.,,
errskill__5d5ea63b082a84a0,NEEDS_REVIEW,No explicit human approval or rejection supplied; retained as unresolved candidate.,,
errskill__5e0c7805f3eec304,NEEDS_REVIEW,No explicit human approval or rejection supplied; retained as unresolved candidate.,,
errskill__5e24a66d90dfd249,NEEDS_REVIEW,No explicit human approval or rejection supplied; retained as unresolved candidate.,,
errskill__5e3f0fc41f1115e0,NEEDS_REVIEW,No explicit human approval or rejection supplied; retained as unresolved candidate.,,
errskill__5eb96adfab916d20,NEEDS_REVIEW,No explicit human approval or rejection supplied; retained as unresolved candidate.,,
errskill__5f81b0375c798023,NEEDS_REVIEW,No explicit human approval or rejection supplied; retained as unresolved candidate.,,
errskill__5f98ae6673620ade,NEEDS_REVIEW,No explicit human approval or rejection supplied; retained as unresolved candidate.,,
errskill__5f9c0d55ed5f1217,NEEDS_REVIEW,No explicit human approval or rejection supplied; retained as unresolved candidate.,,
errskill__5fe143efca3eb3d8,NEEDS_REVIEW,No explicit human approval or rejection supplied; retained as unresolved candidate.,,
errskill__5ffc05ccb0f02cdd,NEEDS_REVIEW,No explicit human approval or rejection supplied; retained as unresolved candidate.,,
errskill__6039df969ba47ce3,NEEDS_REVIEW,No explicit human approval or rejection supplied; retained as unresolved candidate.,,
errskill__60668a684c4ac05a,NEEDS_REVIEW,No explicit human approval or rejection supplied; retained as unresolved candidate.,,
errskill__61008ebccc74aca5,NEEDS_REVIEW,No explicit human approval or rejection supplied; retained as unresolved candidate.,,
errskill__619c6c43067d576f,NEEDS_REVIEW,No explicit human approval or rejection supplied; retained as unresolved candidate.,,
errskill__61ef8396728f9638,NEEDS_REVIEW,No explicit human approval or rejection supplied; retained as unresolved candidate.,,
errskill__620071588bf4fd8e,NEEDS_REVIEW,No explicit human approval or rejection supplied; retained as unresolved candidate.,,
errskill__622163286a5f7221,NEEDS_REVIEW,No explicit human approval or rejection supplied; retained as unresolved candidate.,,
errskill__62a381fede3422b5,NEEDS_REVIEW,No explicit human approval or rejection supplied; retained as unresolved candidate.,,
errskill__6321359da46bace1,NEEDS_REVIEW,No explicit human approval or rejection supplied; retained as unresolved candidate.,,
errskill__63302d571b789bdf,NEEDS_REVIEW,No explicit human approval or rejection supplied; retained as unresolved candidate.,,
errskill__6348490c195e493e,NEEDS_REVIEW,No explicit human approval or rejection supplied; retained as unresolved candidate.,,
errskill__634e44da8586e4b8,NEEDS_REVIEW,No explicit human approval or rejection supplied; retained as unresolved candidate.,,
errskill__63676be7205c2bd1,NEEDS_REVIEW,No explicit human approval or rejection supplied; retained as unresolved candidate.,,
errskill__63987eb20139bf76,NEEDS_REVIEW,No explicit human approval or rejection supplied; retained as unresolved candidate.,,
errskill__64ecc378a5a412f8,NEEDS_REVIEW,No explicit human approval or rejection supplied; retained as unresolved candidate.,,
errskill__64fc097d902966df,NEEDS_REVIEW,No explicit human approval or rejection supplied; retained as unresolved candidate.,,
errskill__6502dbada33cd39b,NEEDS_REVIEW,No explicit human approval or rejection supplied; retained as unresolved candidate.,,
errskill__65967b88d6a0cfba,NEEDS_REVIEW,No explicit human approval or rejection supplied; retained as unresolved candidate.,,
errskill__6601f8c3c8e35ae8,NEEDS_REVIEW,No explicit human approval or rejection supplied; retained as unresolved candidate.,,
errskill__6616cc5ea0311f9a,NEEDS_REVIEW,No explicit human approval or rejection supplied; retained as unresolved candidate.,,
errskill__66465ad96ea5ee55,NEEDS_REVIEW,No explicit human approval or rejection supplied; retained as unresolved candidate.,,
errskill__664bbba505396108,NEEDS_REVIEW,No explicit human approval or rejection supplied; retained as unresolved candidate.,,
errskill__668f81018b9fcf0c,NEEDS_REVIEW,No explicit human approval or rejection supplied; retained as unresolved candidate.,,
errskill__66d2a3d47f54c717,NEEDS_REVIEW,No explicit human approval or rejection supplied; retained as unresolved candidate.,,
errskill__677b99041d7af9df,NEEDS_REVIEW,No explicit human approval or rejection supplied; retained as unresolved candidate.,,
errskill__67989d16f1fe900d,NEEDS_REVIEW,No explicit human approval or rejection supplied; retained as unresolved candidate.,,
errskill__67f3e2d2cbcfbd16,NEEDS_REVIEW,No explicit human approval or rejection supplied; retained as unresolved candidate.,,
errskill__680ed3444c24d40a,NEEDS_REVIEW,No explicit human approval or rejection supplied; retained as unresolved candidate.,,
errskill__688b9cc779c97a51,NEEDS_REVIEW,No explicit human approval or rejection supplied; retained as unresolved candidate.,,
errskill__688d0e05d8539a7f,NEEDS_REVIEW,No explicit human approval or rejection supplied; retained as unresolved candidate.,,
errskill__68a15bd212cbd84e,NEEDS_REVIEW,No explicit human approval or rejection supplied; retained as unresolved candidate.,,
errskill__68a828a1913e1023,NEEDS_REVIEW,No explicit human approval or rejection supplied; retained as unresolved candidate.,,
errskill__68f4b3eeaf0d464d,NEEDS_REVIEW,No explicit human approval or rejection supplied; retained as unresolved candidate.,,
errskill__6932bcfe553123fa,NEEDS_REVIEW,No explicit human approval or rejection supplied; retained as unresolved candidate.,,
errskill__6a08ffa4a6654c34,NEEDS_REVIEW,No explicit human approval or rejection supplied; retained as unresolved candidate.,,
errskill__6a6138984c35a091,NEEDS_REVIEW,No explicit human approval or rejection supplied; retained as unresolved candidate.,,
errskill__6a73d2a384a0ad04,NEEDS_REVIEW,No explicit human approval or rejection supplied; retained as unresolved candidate.,,
errskill__6a935b4ffd8f99ac,NEEDS_REVIEW,No explicit human approval or rejection supplied; retained as unresolved candidate.,,
errskill__6a99162608e67e09,NEEDS_REVIEW,No explicit human approval or rejection supplied; retained as unresolved candidate.,,
errskill__6a9d33939082b188,NEEDS_REVIEW,No explicit human approval or rejection supplied; retained as unresolved candidate.,,
errskill__6b16d1a395b9cc6a,NEEDS_REVIEW,No explicit human approval or rejection supplied; retained as unresolved candidate.,,
errskill__6b2634717d650d7c,NEEDS_REVIEW,No explicit human approval or rejection supplied; retained as unresolved candidate.,,
errskill__6ba82a30e01cfbd8,NEEDS_REVIEW,No explicit human approval or rejection supplied; retained as unresolved candidate.,,
errskill__6c2b229fc7e6cac2,NEEDS_REVIEW,No explicit human approval or rejection supplied; retained as unresolved candidate.,,
errskill__6c2fd7ea83fa11c6,NEEDS_REVIEW,No explicit human approval or rejection supplied; retained as unresolved candidate.,,
errskill__6c8550deabc78cac,NEEDS_REVIEW,No explicit human approval or rejection supplied; retained as unresolved candidate.,,
errskill__6ca84fcee5b3ccd4,NEEDS_REVIEW,No explicit human approval or rejection supplied; retained as unresolved candidate.,,
errskill__6d88435dd1da434e,NEEDS_REVIEW,No explicit human approval or rejection supplied; retained as unresolved candidate.,,
errskill__6db445527ce84535,NEEDS_REVIEW,No explicit human approval or rejection supplied; retained as unresolved candidate.,,
errskill__6e23310376e5a841,NEEDS_REVIEW,No explicit human approval or rejection supplied; retained as unresolved candidate.,,
errskill__6e6789e08e135441,NEEDS_REVIEW,No explicit human approval or rejection supplied; retained as unresolved candidate.,,
errskill__6ebb8c0a4e434215,NEEDS_REVIEW,No explicit human approval or rejection supplied; retained as unresolved candidate.,,
errskill__6ecf24ddb4ca065d,NEEDS_REVIEW,No explicit human approval or rejection supplied; retained as unresolved candidate.,,
errskill__6f0521a71fcfe4d1,NEEDS_REVIEW,No explicit human approval or rejection supplied; retained as unresolved candidate.,,
errskill__6fae25223ff6fa4a,NEEDS_REVIEW,No explicit human approval or rejection supplied; retained as unresolved candidate.,,
errskill__6fea492e4576b924,NEEDS_REVIEW,No explicit human approval or rejection supplied; retained as unresolved candidate.,,
errskill__6ff84a499e776097,NEEDS_REVIEW,No explicit human approval or rejection supplied; retained as unresolved candidate.,,
errskill__705de027d5eea92b,NEEDS_REVIEW,No explicit human approval or rejection supplied; retained as unresolved candidate.,,
errskill__70650848072ebd32,NEEDS_REVIEW,No explicit human approval or rejection supplied; retained as unresolved candidate.,,
errskill__70978f522d4db2cd,NEEDS_REVIEW,No explicit human approval or rejection supplied; retained as unresolved candidate.,,
errskill__7099bcb49a9f2e0f,NEEDS_REVIEW,No explicit human approval or rejection supplied; retained as unresolved candidate.,,
errskill__715f857cfaac69bd,NEEDS_REVIEW,No explicit human approval or rejection supplied; retained as unresolved candidate.,,
errskill__71d0cbcf84e94c9b,NEEDS_REVIEW,No explicit human approval or rejection supplied; retained as unresolved candidate.,,
errskill__72016c34b9a7aec6,NEEDS_REVIEW,No explicit human approval or rejection supplied; retained as unresolved candidate.,,
errskill__729785fcad9425f1,NEEDS_REVIEW,No explicit human approval or rejection supplied; retained as unresolved candidate.,,
errskill__72fc7d151106f799,NEEDS_REVIEW,No explicit human approval or rejection supplied; retained as unresolved candidate.,,
errskill__72fcab3c786952e6,NEEDS_REVIEW,No explicit human approval or rejection supplied; retained as unresolved candidate.,,
errskill__732542bebd527ecb,NEEDS_REVIEW,No explicit human approval or rejection supplied; retained as unresolved candidate.,,
errskill__733256ee6f50b6b6,NEEDS_REVIEW,No explicit human approval or rejection supplied; retained as unresolved candidate.,,
errskill__739069e6cf32bb43,NEEDS_REVIEW,No explicit human approval or rejection supplied; retained as unresolved candidate.,,
errskill__7390b232755394a6,NEEDS_REVIEW,No explicit human approval or rejection supplied; retained as unresolved candidate.,,
errskill__73bf653d062ba1db,NEEDS_REVIEW,No explicit human approval or rejection supplied; retained as unresolved candidate.,,
errskill__73e8fa6e1cabfb5c,NEEDS_REVIEW,No explicit human approval or rejection supplied; retained as unresolved candidate.,,
errskill__74a9f6427b5539e3,NEEDS_REVIEW,No explicit human approval or rejection supplied; retained as unresolved candidate.,,
errskill__75aabac6c186822f,NEEDS_REVIEW,No explicit human approval or rejection supplied; retained as unresolved candidate.,,
errskill__75cd32658191b121,NEEDS_REVIEW,No explicit human approval or rejection supplied; retained as unresolved candidate.,,
errskill__7609e1616d7dd85b,NEEDS_REVIEW,No explicit human approval or rejection supplied; retained as unresolved candidate.,,
errskill__76bea27b1e61780b,NEEDS_REVIEW,No explicit human approval or rejection supplied; retained as unresolved candidate.,,
errskill__76c99b5407c7b00f,NEEDS_REVIEW,No explicit human approval or rejection supplied; retained as unresolved candidate.,,
errskill__772448bab7322aee,NEEDS_REVIEW,No explicit human approval or rejection supplied; retained as unresolved candidate.,,
errskill__7729e8ff03992f54,NEEDS_REVIEW,No explicit human approval or rejection supplied; retained as unresolved candidate.,,
errskill__7739eb3631952bb8,NEEDS_REVIEW,No explicit human approval or rejection supplied; retained as unresolved candidate.,,
errskill__779d97175239eb59,NEEDS_REVIEW,No explicit human approval or rejection supplied; retained as unresolved candidate.,,
errskill__77e2219f5d33aab3,NEEDS_REVIEW,No explicit human approval or rejection supplied; retained as unresolved candidate.,,
errskill__78495c92c642c1d6,NEEDS_REVIEW,No explicit human approval or rejection supplied; retained as unresolved candidate.,,
errskill__78dc13ea643d38ef,NEEDS_REVIEW,No explicit human approval or rejection supplied; retained as unresolved candidate.,,
errskill__7939d90efc872cd7,NEEDS_REVIEW,No explicit human approval or rejection supplied; retained as unresolved candidate.,,
errskill__797af401e458cce7,NEEDS_REVIEW,No explicit human approval or rejection supplied; retained as unresolved candidate.,,
errskill__798771c5c420f758,NEEDS_REVIEW,No explicit human approval or rejection supplied; retained as unresolved candidate.,,
errskill__79f689e9b17bc59a,NEEDS_REVIEW,No explicit human approval or rejection supplied; retained as unresolved candidate.,,
errskill__7a4c6281c606bd03,NEEDS_REVIEW,No explicit human approval or rejection supplied; retained as unresolved candidate.,,
errskill__7a914f3f52b52447,NEEDS_REVIEW,No explicit human approval or rejection supplied; retained as unresolved candidate.,,
errskill__7a99e564cc1bb663,NEEDS_REVIEW,No explicit human approval or rejection supplied; retained as unresolved candidate.,,
errskill__7a9cdb8ffb2fa118,NEEDS_REVIEW,No explicit human approval or rejection supplied; retained as unresolved candidate.,,
errskill__7b198ff2fbbc9a30,NEEDS_REVIEW,No explicit human approval or rejection supplied; retained as unresolved candidate.,,
errskill__7b3aec263514d98a,NEEDS_REVIEW,No explicit human approval or rejection supplied; retained as unresolved candidate.,,
errskill__7b485c5a22bbdbfb,NEEDS_REVIEW,No explicit human approval or rejection supplied; retained as unresolved candidate.,,
errskill__7c0a49d090431963,NEEDS_REVIEW,No explicit human approval or rejection supplied; retained as unresolved candidate.,,
errskill__7c106c3929aad306,NEEDS_REVIEW,No explicit human approval or rejection supplied; retained as unresolved candidate.,,
errskill__7c55bd84ebbb059b,NEEDS_REVIEW,No explicit human approval or rejection supplied; retained as unresolved candidate.,,
errskill__7cccc9168a0b5dc7,NEEDS_REVIEW,No explicit human approval or rejection supplied; retained as unresolved candidate.,,
errskill__7cd4c360f6470bf9,NEEDS_REVIEW,No explicit human approval or rejection supplied; retained as unresolved candidate.,,
errskill__7cfff701fcd2283f,NEEDS_REVIEW,No explicit human approval or rejection supplied; retained as unresolved candidate.,,
errskill__7d2172b1d2c3b1f5,NEEDS_REVIEW,No explicit human approval or rejection supplied; retained as unresolved candidate.,,
errskill__7dca9cc4d7b05685,NEEDS_REVIEW,No explicit human approval or rejection supplied; retained as unresolved candidate.,,
errskill__7e2726b744728171,NEEDS_REVIEW,No explicit human approval or rejection supplied; retained as unresolved candidate.,,
errskill__7e9d633d60cf9289,NEEDS_REVIEW,No explicit human approval or rejection supplied; retained as unresolved candidate.,,
errskill__7f2bc57b895ac81f,NEEDS_REVIEW,No explicit human approval or rejection supplied; retained as unresolved candidate.,,
errskill__7f4d4b2c5fb86ea0,NEEDS_REVIEW,No explicit human approval or rejection supplied; retained as unresolved candidate.,,
errskill__7fc268f27cf76f51,NEEDS_REVIEW,No explicit human approval or rejection supplied; retained as unresolved candidate.,,
errskill__7fda831f41008ebd,NEEDS_REVIEW,No explicit human approval or rejection supplied; retained as unresolved candidate.,,
errskill__8029b3afd58e8663,NEEDS_REVIEW,No explicit human approval or rejection supplied; retained as unresolved candidate.,,
errskill__805619d6855e211e,NEEDS_REVIEW,No explicit human approval or rejection supplied; retained as unresolved candidate.,,
errskill__80a4b585345dabe4,NEEDS_REVIEW,No explicit human approval or rejection supplied; retained as unresolved candidate.,,
errskill__80eceebfdbaf46f9,NEEDS_REVIEW,No explicit human approval or rejection supplied; retained as unresolved candidate.,,
errskill__815ff930738dd422,NEEDS_REVIEW,No explicit human approval or rejection supplied; retained as unresolved candidate.,,
errskill__8162e56680c7ebe9,NEEDS_REVIEW,No explicit human approval or rejection supplied; retained as unresolved candidate.,,
errskill__8176e492be3c3bff,NEEDS_REVIEW,No explicit human approval or rejection supplied; retained as unresolved candidate.,,
errskill__81d08899402c9b29,NEEDS_REVIEW,No explicit human approval or rejection supplied; retained as unresolved candidate.,,
errskill__82c7c85bdef50161,NEEDS_REVIEW,No explicit human approval or rejection supplied; retained as unresolved candidate.,,
errskill__8371ede67bf5d35c,NEEDS_REVIEW,No explicit human approval or rejection supplied; retained as unresolved candidate.,,
errskill__83893cbb3b4130dc,NEEDS_REVIEW,No explicit human approval or rejection supplied; retained as unresolved candidate.,,
errskill__8399b47dca21599d,NEEDS_REVIEW,No explicit human approval or rejection supplied; retained as unresolved candidate.,,
errskill__84922cd89b4d7d2e,NEEDS_REVIEW,No explicit human approval or rejection supplied; retained as unresolved candidate.,,
errskill__84b7b441dfa5a387,NEEDS_REVIEW,No explicit human approval or rejection supplied; retained as unresolved candidate.,,
errskill__84ca9bb3ba1755a6,NEEDS_REVIEW,No explicit human approval or rejection supplied; retained as unresolved candidate.,,
errskill__84d52fcc941b8513,NEEDS_REVIEW,No explicit human approval or rejection supplied; retained as unresolved candidate.,,
errskill__8553a4938237339c,NEEDS_REVIEW,No explicit human approval or rejection supplied; retained as unresolved candidate.,,
errskill__8583dde864ea3a4a,NEEDS_REVIEW,No explicit human approval or rejection supplied; retained as unresolved candidate.,,
errskill__85f88d05661a0640,NEEDS_REVIEW,No explicit human approval or rejection supplied; retained as unresolved candidate.,,
errskill__862e87454516d6bb,NEEDS_REVIEW,No explicit human approval or rejection supplied; retained as unresolved candidate.,,
errskill__86353017a47a58aa,NEEDS_REVIEW,No explicit human approval or rejection supplied; retained as unresolved candidate.,,
errskill__86610c2581d35ea2,NEEDS_REVIEW,No explicit human approval or rejection supplied; retained as unresolved candidate.,,
errskill__86bead9d0c38f9e1,NEEDS_REVIEW,No explicit human approval or rejection supplied; retained as unresolved candidate.,,
errskill__871424b521348a4d,NEEDS_REVIEW,No explicit human approval or rejection supplied; retained as unresolved candidate.,,
errskill__873e597ef1dba520,NEEDS_REVIEW,No explicit human approval or rejection supplied; retained as unresolved candidate.,,
errskill__879d4dea8e0d5766,NEEDS_REVIEW,No explicit human approval or rejection supplied; retained as unresolved candidate.,,
errskill__8833aca2e1f1f54c,NEEDS_REVIEW,No explicit human approval or rejection supplied; retained as unresolved candidate.,,
errskill__883d810dd1097f37,NEEDS_REVIEW,No explicit human approval or rejection supplied; retained as unresolved candidate.,,
errskill__89ca1f155ec79040,NEEDS_REVIEW,No explicit human approval or rejection supplied; retained as unresolved candidate.,,
errskill__8a8f04ac2190dcec,NEEDS_REVIEW,No explicit human approval or rejection supplied; retained as unresolved candidate.,,
errskill__8acdc9cd8ac5af13,NEEDS_REVIEW,No explicit human approval or rejection supplied; retained as unresolved candidate.,,
errskill__8b6e1e20b800d1ca,NEEDS_REVIEW,No explicit human approval or rejection supplied; retained as unresolved candidate.,,
errskill__8bc3cd19c5dc27dd,NEEDS_REVIEW,No explicit human approval or rejection supplied; retained as unresolved candidate.,,
errskill__8c0143874a548212,NEEDS_REVIEW,No explicit human approval or rejection supplied; retained as unresolved candidate.,,
errskill__8c2c9919059c9b26,NEEDS_REVIEW,No explicit human approval or rejection supplied; retained as unresolved candidate.,,
errskill__8c398cabc837ae14,NEEDS_REVIEW,No explicit human approval or rejection supplied; retained as unresolved candidate.,,
errskill__8c704c617d30a300,NEEDS_REVIEW,No explicit human approval or rejection supplied; retained as unresolved candidate.,,
errskill__8d22d4bce7d24d02,NEEDS_REVIEW,No explicit human approval or rejection supplied; retained as unresolved candidate.,,
errskill__8d384db42dacc02e,NEEDS_REVIEW,No explicit human approval or rejection supplied; retained as unresolved candidate.,,
errskill__8d5cfa5af37691a0,NEEDS_REVIEW,No explicit human approval or rejection supplied; retained as unresolved candidate.,,
errskill__8e3114fe37d880bf,NEEDS_REVIEW,No explicit human approval or rejection supplied; retained as unresolved candidate.,,
errskill__8e88c56c9a402f5d,NEEDS_REVIEW,No explicit human approval or rejection supplied; retained as unresolved candidate.,,
errskill__8ebcd00be3f25059,NEEDS_REVIEW,No explicit human approval or rejection supplied; retained as unresolved candidate.,,
errskill__8efe3be28664eb7b,NEEDS_REVIEW,No explicit human approval or rejection supplied; retained as unresolved candidate.,,
errskill__8f190fc5f0a385e2,NEEDS_REVIEW,No explicit human approval or rejection supplied; retained as unresolved candidate.,,
errskill__8f3931212ab13b04,NEEDS_REVIEW,No explicit human approval or rejection supplied; retained as unresolved candidate.,,
errskill__8f7888fdbea812b8,NEEDS_REVIEW,No explicit human approval or rejection supplied; retained as unresolved candidate.,,
errskill__906e01e4ee731090,NEEDS_REVIEW,No explicit human approval or rejection supplied; retained as unresolved candidate.,,
errskill__90f9fa45f4eba538,NEEDS_REVIEW,No explicit human approval or rejection supplied; retained as unresolved candidate.,,
errskill__914a16a5fe3c8445,NEEDS_REVIEW,No explicit human approval or rejection supplied; retained as unresolved candidate.,,
errskill__91ab9df145408fb9,NEEDS_REVIEW,No explicit human approval or rejection supplied; retained as unresolved candidate.,,
errskill__922fd0dc1f62bd54,NEEDS_REVIEW,No explicit human approval or rejection supplied; retained as unresolved candidate.,,
errskill__925cf81d133d070a,NEEDS_REVIEW,No explicit human approval or rejection supplied; retained as unresolved candidate.,,
errskill__92a2f27b9e9181b1,NEEDS_REVIEW,No explicit human approval or rejection supplied; retained as unresolved candidate.,,
errskill__92af69061b4d1c16,NEEDS_REVIEW,No explicit human approval or rejection supplied; retained as unresolved candidate.,,
errskill__9303fc08b994d281,NEEDS_REVIEW,No explicit human approval or rejection supplied; retained as unresolved candidate.,,
errskill__93c0ad9c8d58e682,NEEDS_REVIEW,No explicit human approval or rejection supplied; retained as unresolved candidate.,,
errskill__94045b099891653b,NEEDS_REVIEW,No explicit human approval or rejection supplied; retained as unresolved candidate.,,
errskill__943ca766a4f3e7ae,NEEDS_REVIEW,No explicit human approval or rejection supplied; retained as unresolved candidate.,,
errskill__9449b07747b1bdd2,NEEDS_REVIEW,No explicit human approval or rejection supplied; retained as unresolved candidate.,,
errskill__944acca34a6e9f7a,NEEDS_REVIEW,No explicit human approval or rejection supplied; retained as unresolved candidate.,,
errskill__944cadc7d73e03fe,NEEDS_REVIEW,No explicit human approval or rejection supplied; retained as unresolved candidate.,,
errskill__9468af8e67a0b099,NEEDS_REVIEW,No explicit human approval or rejection supplied; retained as unresolved candidate.,,
errskill__94781433d72a189f,NEEDS_REVIEW,No explicit human approval or rejection supplied; retained as unresolved candidate.,,
errskill__9566e5053241771b,NEEDS_REVIEW,No explicit human approval or rejection supplied; retained as unresolved candidate.,,
errskill__95fb5afc384fb96f,NEEDS_REVIEW,No explicit human approval or rejection supplied; retained as unresolved candidate.,,
errskill__963180e45c87a417,NEEDS_REVIEW,No explicit human approval or rejection supplied; retained as unresolved candidate.,,
errskill__963e867c4de50525,NEEDS_REVIEW,No explicit human approval or rejection supplied; retained as unresolved candidate.,,
errskill__97540446889047b6,NEEDS_REVIEW,No explicit human approval or rejection supplied; retained as unresolved candidate.,,
errskill__9777a40d091ec2b0,NEEDS_REVIEW,No explicit human approval or rejection supplied; retained as unresolved candidate.,,
errskill__98a4df9026c46a98,NEEDS_REVIEW,No explicit human approval or rejection supplied; retained as unresolved candidate.,,
errskill__99112dcc8ae4ef57,NEEDS_REVIEW,No explicit human approval or rejection supplied; retained as unresolved candidate.,,
errskill__99639ddb441888a2,NEEDS_REVIEW,No explicit human approval or rejection supplied; retained as unresolved candidate.,,
errskill__9a3fe22c43ff3e94,NEEDS_REVIEW,No explicit human approval or rejection supplied; retained as unresolved candidate.,,
errskill__9a6916374146f8b0,NEEDS_REVIEW,No explicit human approval or rejection supplied; retained as unresolved candidate.,,
errskill__9a80db4e2e0949aa,NEEDS_REVIEW,No explicit human approval or rejection supplied; retained as unresolved candidate.,,
errskill__9a8bf266ac90c87a,NEEDS_REVIEW,No explicit human approval or rejection supplied; retained as unresolved candidate.,,
errskill__9ab7b32dcdcf0070,NEEDS_REVIEW,No explicit human approval or rejection supplied; retained as unresolved candidate.,,
errskill__9b67f70350cd93a4,NEEDS_REVIEW,No explicit human approval or rejection supplied; retained as unresolved candidate.,,
errskill__9b88e7be37337f5f,NEEDS_REVIEW,No explicit human approval or rejection supplied; retained as unresolved candidate.,,
errskill__9ba63926e65e0dfa,NEEDS_REVIEW,No explicit human approval or rejection supplied; retained as unresolved candidate.,,
errskill__9bfe0883f9b057b2,NEEDS_REVIEW,No explicit human approval or rejection supplied; retained as unresolved candidate.,,
errskill__9c84eef4dbc7ae3f,NEEDS_REVIEW,No explicit human approval or rejection supplied; retained as unresolved candidate.,,
errskill__9cf7a57bef2dc688,NEEDS_REVIEW,No explicit human approval or rejection supplied; retained as unresolved candidate.,,
errskill__9ec5cb236fcc607c,NEEDS_REVIEW,No explicit human approval or rejection supplied; retained as unresolved candidate.,,
errskill__9f0187ef827835df,NEEDS_REVIEW,No explicit human approval or rejection supplied; retained as unresolved candidate.,,
errskill__9f01c42f3ac944c3,NEEDS_REVIEW,No explicit human approval or rejection supplied; retained as unresolved candidate.,,
errskill__9f997aa5c15cc9d5,NEEDS_REVIEW,No explicit human approval or rejection supplied; retained as unresolved candidate.,,
errskill__a07f861013bc5bca,NEEDS_REVIEW,No explicit human approval or rejection supplied; retained as unresolved candidate.,,
errskill__a0f5fb62186fdfae,NEEDS_REVIEW,No explicit human approval or rejection supplied; retained as unresolved candidate.,,
errskill__a11672afd435e658,NEEDS_REVIEW,No explicit human approval or rejection supplied; retained as unresolved candidate.,,
errskill__a16e9a1955e899df,NEEDS_REVIEW,No explicit human approval or rejection supplied; retained as unresolved candidate.,,
errskill__a1aabb12d2ff5d41,NEEDS_REVIEW,No explicit human approval or rejection supplied; retained as unresolved candidate.,,
errskill__a1f6a0c45d8de438,NEEDS_REVIEW,No explicit human approval or rejection supplied; retained as unresolved candidate.,,
errskill__a2221d7ef40599c6,NEEDS_REVIEW,No explicit human approval or rejection supplied; retained as unresolved candidate.,,
errskill__a2283318aa395c01,NEEDS_REVIEW,No explicit human approval or rejection supplied; retained as unresolved candidate.,,
errskill__a28febb3ef69c897,NEEDS_REVIEW,No explicit human approval or rejection supplied; retained as unresolved candidate.,,
errskill__a2948ca4cfdc2772,NEEDS_REVIEW,No explicit human approval or rejection supplied; retained as unresolved candidate.,,
errskill__a2d699b4a2474a0b,NEEDS_REVIEW,No explicit human approval or rejection supplied; retained as unresolved candidate.,,
errskill__a353b22de47e3176,NEEDS_REVIEW,No explicit human approval or rejection supplied; retained as unresolved candidate.,,
errskill__a3ddca6bf3b1f859,NEEDS_REVIEW,No explicit human approval or rejection supplied; retained as unresolved candidate.,,
errskill__a40e1a55da660885,NEEDS_REVIEW,No explicit human approval or rejection supplied; retained as unresolved candidate.,,
errskill__a45c716388c4b1b9,NEEDS_REVIEW,No explicit human approval or rejection supplied; retained as unresolved candidate.,,
errskill__a46021be4bd7abf6,NEEDS_REVIEW,No explicit human approval or rejection supplied; retained as unresolved candidate.,,
errskill__a4ae181c423c2ddc,NEEDS_REVIEW,No explicit human approval or rejection supplied; retained as unresolved candidate.,,
errskill__a4e496e10ff8be11,NEEDS_REVIEW,No explicit human approval or rejection supplied; retained as unresolved candidate.,,
errskill__a4f846a3cea10338,NEEDS_REVIEW,No explicit human approval or rejection supplied; retained as unresolved candidate.,,
errskill__a504736a7a873880,NEEDS_REVIEW,No explicit human approval or rejection supplied; retained as unresolved candidate.,,
errskill__a533565f9aaa653c,NEEDS_REVIEW,No explicit human approval or rejection supplied; retained as unresolved candidate.,,
errskill__a5907d23b176ef24,NEEDS_REVIEW,No explicit human approval or rejection supplied; retained as unresolved candidate.,,
errskill__a5ce43bd86387f13,NEEDS_REVIEW,No explicit human approval or rejection supplied; retained as unresolved candidate.,,
errskill__a6019c1cc582ffd9,NEEDS_REVIEW,No explicit human approval or rejection supplied; retained as unresolved candidate.,,
errskill__a616c493769dff35,NEEDS_REVIEW,No explicit human approval or rejection supplied; retained as unresolved candidate.,,
errskill__a641aae71c1816c0,NEEDS_REVIEW,No explicit human approval or rejection supplied; retained as unresolved candidate.,,
errskill__a65fb99b84977604,NEEDS_REVIEW,No explicit human approval or rejection supplied; retained as unresolved candidate.,,
errskill__a6b2012b87ef39c4,NEEDS_REVIEW,No explicit human approval or rejection supplied; retained as unresolved candidate.,,
errskill__a7395520a90a1351,NEEDS_REVIEW,No explicit human approval or rejection supplied; retained as unresolved candidate.,,
errskill__a76bdf43bf089fab,NEEDS_REVIEW,No explicit human approval or rejection supplied; retained as unresolved candidate.,,
errskill__a791af3fd15e7263,NEEDS_REVIEW,No explicit human approval or rejection supplied; retained as unresolved candidate.,,
errskill__a7d5aeea591d3938,NEEDS_REVIEW,No explicit human approval or rejection supplied; retained as unresolved candidate.,,
errskill__a7efc74b031c5817,NEEDS_REVIEW,No explicit human approval or rejection supplied; retained as unresolved candidate.,,
errskill__a803bab9ce5500da,NEEDS_REVIEW,No explicit human approval or rejection supplied; retained as unresolved candidate.,,
errskill__a8cd04cbd6930300,NEEDS_REVIEW,No explicit human approval or rejection supplied; retained as unresolved candidate.,,
errskill__a9c8b6121107f3b5,NEEDS_REVIEW,No explicit human approval or rejection supplied; retained as unresolved candidate.,,
errskill__aa2be7742685bf23,NEEDS_REVIEW,No explicit human approval or rejection supplied; retained as unresolved candidate.,,
errskill__aa38ead08ab8110c,NEEDS_REVIEW,No explicit human approval or rejection supplied; retained as unresolved candidate.,,
errskill__aa52c5bd70976589,NEEDS_REVIEW,No explicit human approval or rejection supplied; retained as unresolved candidate.,,
errskill__aa6bcc427c010c5d,NEEDS_REVIEW,No explicit human approval or rejection supplied; retained as unresolved candidate.,,
errskill__aa963df1d305b3c2,NEEDS_REVIEW,No explicit human approval or rejection supplied; retained as unresolved candidate.,,
errskill__aac5a6d943b2af8b,NEEDS_REVIEW,No explicit human approval or rejection supplied; retained as unresolved candidate.,,
errskill__aaf23545e209fe83,NEEDS_REVIEW,No explicit human approval or rejection supplied; retained as unresolved candidate.,,
errskill__ab3527363037dafd,NEEDS_REVIEW,No explicit human approval or rejection supplied; retained as unresolved candidate.,,
errskill__abd9edf15838773b,NEEDS_REVIEW,No explicit human approval or rejection supplied; retained as unresolved candidate.,,
errskill__ac4c38e969f17dc7,NEEDS_REVIEW,No explicit human approval or rejection supplied; retained as unresolved candidate.,,
errskill__acdcfd34b3dea66b,NEEDS_REVIEW,No explicit human approval or rejection supplied; retained as unresolved candidate.,,
errskill__ad250c207b507101,NEEDS_REVIEW,No explicit human approval or rejection supplied; retained as unresolved candidate.,,
errskill__ad4a48f22e0dbef0,NEEDS_REVIEW,No explicit human approval or rejection supplied; retained as unresolved candidate.,,
errskill__ad4e0020406d3d8a,NEEDS_REVIEW,No explicit human approval or rejection supplied; retained as unresolved candidate.,,
errskill__ad659df6a4108253,NEEDS_REVIEW,No explicit human approval or rejection supplied; retained as unresolved candidate.,,
errskill__ad7db621085f21c4,NEEDS_REVIEW,No explicit human approval or rejection supplied; retained as unresolved candidate.,,
errskill__ae66ee7e025f73d9,NEEDS_REVIEW,No explicit human approval or rejection supplied; retained as unresolved candidate.,,
errskill__ae6c236bcb3f964d,NEEDS_REVIEW,No explicit human approval or rejection supplied; retained as unresolved candidate.,,
errskill__ae835d48ed60a74d,NEEDS_REVIEW,No explicit human approval or rejection supplied; retained as unresolved candidate.,,
errskill__aeb1802f3ec51a8f,NEEDS_REVIEW,No explicit human approval or rejection supplied; retained as unresolved candidate.,,
errskill__afbe5e5baa1fba62,NEEDS_REVIEW,No explicit human approval or rejection supplied; retained as unresolved candidate.,,
errskill__b0124a7c5d652c91,NEEDS_REVIEW,No explicit human approval or rejection supplied; retained as unresolved candidate.,,
errskill__b016e62f28ef6ad8,NEEDS_REVIEW,No explicit human approval or rejection supplied; retained as unresolved candidate.,,
errskill__b021118400ca5643,NEEDS_REVIEW,No explicit human approval or rejection supplied; retained as unresolved candidate.,,
errskill__b0b22a3aff0350f2,NEEDS_REVIEW,No explicit human approval or rejection supplied; retained as unresolved candidate.,,
errskill__b105395802beeb11,NEEDS_REVIEW,No explicit human approval or rejection supplied; retained as unresolved candidate.,,
errskill__b112d5c6bee06a01,NEEDS_REVIEW,No explicit human approval or rejection supplied; retained as unresolved candidate.,,
errskill__b13e485b02c4f026,NEEDS_REVIEW,No explicit human approval or rejection supplied; retained as unresolved candidate.,,
errskill__b160f9d3456d1c38,NEEDS_REVIEW,No explicit human approval or rejection supplied; retained as unresolved candidate.,,
errskill__b1b67cc5c88add2e,NEEDS_REVIEW,No explicit human approval or rejection supplied; retained as unresolved candidate.,,
errskill__b293f3ec1982669d,NEEDS_REVIEW,No explicit human approval or rejection supplied; retained as unresolved candidate.,,
errskill__b2d9c32b269fb514,NEEDS_REVIEW,No explicit human approval or rejection supplied; retained as unresolved candidate.,,
errskill__b3a5372351426a0b,NEEDS_REVIEW,No explicit human approval or rejection supplied; retained as unresolved candidate.,,
errskill__b3acd40175012742,NEEDS_REVIEW,No explicit human approval or rejection supplied; retained as unresolved candidate.,,
errskill__b3b2b8bafd10cd51,NEEDS_REVIEW,No explicit human approval or rejection supplied; retained as unresolved candidate.,,
errskill__b3bd495c5e5b251d,NEEDS_REVIEW,No explicit human approval or rejection supplied; retained as unresolved candidate.,,
errskill__b3e1273f0a257173,NEEDS_REVIEW,No explicit human approval or rejection supplied; retained as unresolved candidate.,,
errskill__b4255f376c754657,NEEDS_REVIEW,No explicit human approval or rejection supplied; retained as unresolved candidate.,,
errskill__b477cf31b6e29027,NEEDS_REVIEW,No explicit human approval or rejection supplied; retained as unresolved candidate.,,
errskill__b4a2bc5be8da6353,NEEDS_REVIEW,No explicit human approval or rejection supplied; retained as unresolved candidate.,,
errskill__b4a3e942b1ed2c36,NEEDS_REVIEW,No explicit human approval or rejection supplied; retained as unresolved candidate.,,
errskill__b4aab41ad246e0d1,NEEDS_REVIEW,No explicit human approval or rejection supplied; retained as unresolved candidate.,,
errskill__b4db944a66801761,NEEDS_REVIEW,No explicit human approval or rejection supplied; retained as unresolved candidate.,,
errskill__b50bba5ae8a60e2a,NEEDS_REVIEW,No explicit human approval or rejection supplied; retained as unresolved candidate.,,
errskill__b50c8b4aaaab14bd,NEEDS_REVIEW,No explicit human approval or rejection supplied; retained as unresolved candidate.,,
errskill__b711a4fda52da880,NEEDS_REVIEW,No explicit human approval or rejection supplied; retained as unresolved candidate.,,
errskill__b7509c402501615c,NEEDS_REVIEW,No explicit human approval or rejection supplied; retained as unresolved candidate.,,
errskill__b78c0cb117de2722,NEEDS_REVIEW,No explicit human approval or rejection supplied; retained as unresolved candidate.,,
errskill__b7c78235079ba03c,NEEDS_REVIEW,No explicit human approval or rejection supplied; retained as unresolved candidate.,,
errskill__b856ff9d9742f3d8,NEEDS_REVIEW,No explicit human approval or rejection supplied; retained as unresolved candidate.,,
errskill__b8a7fceebe1f243b,NEEDS_REVIEW,No explicit human approval or rejection supplied; retained as unresolved candidate.,,
errskill__b8dcc5e5d4e1a5a9,NEEDS_REVIEW,No explicit human approval or rejection supplied; retained as unresolved candidate.,,
errskill__b909c6f1d52a7248,NEEDS_REVIEW,No explicit human approval or rejection supplied; retained as unresolved candidate.,,
errskill__b92577fe5387c4fc,NEEDS_REVIEW,No explicit human approval or rejection supplied; retained as unresolved candidate.,,
errskill__b966ed556839b1ec,NEEDS_REVIEW,No explicit human approval or rejection supplied; retained as unresolved candidate.,,
errskill__b99ea1b4f05a307e,NEEDS_REVIEW,No explicit human approval or rejection supplied; retained as unresolved candidate.,,
errskill__b9a9cf6570a31ed8,NEEDS_REVIEW,No explicit human approval or rejection supplied; retained as unresolved candidate.,,
errskill__ba66c7f0cd73cb52,NEEDS_REVIEW,No explicit human approval or rejection supplied; retained as unresolved candidate.,,
errskill__baa0d94fd6f70726,NEEDS_REVIEW,No explicit human approval or rejection supplied; retained as unresolved candidate.,,
errskill__bb033fd1604ccab4,NEEDS_REVIEW,No explicit human approval or rejection supplied; retained as unresolved candidate.,,
errskill__bc13565fd5a2e661,NEEDS_REVIEW,No explicit human approval or rejection supplied; retained as unresolved candidate.,,
errskill__bc6c20ddc2b23faf,NEEDS_REVIEW,No explicit human approval or rejection supplied; retained as unresolved candidate.,,
errskill__bc6e61f4449272a0,NEEDS_REVIEW,No explicit human approval or rejection supplied; retained as unresolved candidate.,,
errskill__bc8ec1b740289809,NEEDS_REVIEW,No explicit human approval or rejection supplied; retained as unresolved candidate.,,
errskill__bd3e2c59b18dda88,NEEDS_REVIEW,No explicit human approval or rejection supplied; retained as unresolved candidate.,,
errskill__bd930a55d3e2ad89,NEEDS_REVIEW,No explicit human approval or rejection supplied; retained as unresolved candidate.,,
errskill__bda7a6bbe4f07fbf,NEEDS_REVIEW,No explicit human approval or rejection supplied; retained as unresolved candidate.,,
errskill__bedf7233ee6b7086,NEEDS_REVIEW,No explicit human approval or rejection supplied; retained as unresolved candidate.,,
errskill__beedaecaa612e88f,NEEDS_REVIEW,No explicit human approval or rejection supplied; retained as unresolved candidate.,,
errskill__bf0221e961093408,NEEDS_REVIEW,No explicit human approval or rejection supplied; retained as unresolved candidate.,,
errskill__bf5268f3c8ea90ca,NEEDS_REVIEW,No explicit human approval or rejection supplied; retained as unresolved candidate.,,
errskill__c01fb5abd1298e36,NEEDS_REVIEW,No explicit human approval or rejection supplied; retained as unresolved candidate.,,
errskill__c044f0cd2ca14298,NEEDS_REVIEW,No explicit human approval or rejection supplied; retained as unresolved candidate.,,
errskill__c05195deaaca05a3,NEEDS_REVIEW,No explicit human approval or rejection supplied; retained as unresolved candidate.,,
errskill__c06a691bd9ca5b7d,NEEDS_REVIEW,No explicit human approval or rejection supplied; retained as unresolved candidate.,,
errskill__c1133774a001dacf,NEEDS_REVIEW,No explicit human approval or rejection supplied; retained as unresolved candidate.,,
errskill__c124c05dad2a16c4,NEEDS_REVIEW,No explicit human approval or rejection supplied; retained as unresolved candidate.,,
errskill__c12f5223cf382ce8,NEEDS_REVIEW,No explicit human approval or rejection supplied; retained as unresolved candidate.,,
errskill__c2317687302b0bfa,NEEDS_REVIEW,No explicit human approval or rejection supplied; retained as unresolved candidate.,,
errskill__c2991c35649e4dc1,NEEDS_REVIEW,No explicit human approval or rejection supplied; retained as unresolved candidate.,,
errskill__c3004156515a5e10,NEEDS_REVIEW,No explicit human approval or rejection supplied; retained as unresolved candidate.,,
errskill__c41a827a74962546,NEEDS_REVIEW,No explicit human approval or rejection supplied; retained as unresolved candidate.,,
errskill__c55ce11275f817cf,NEEDS_REVIEW,No explicit human approval or rejection supplied; retained as unresolved candidate.,,
errskill__c5e3161e7c5895a6,NEEDS_REVIEW,No explicit human approval or rejection supplied; retained as unresolved candidate.,,
errskill__c6560f4bba7bbf1c,NEEDS_REVIEW,No explicit human approval or rejection supplied; retained as unresolved candidate.,,
errskill__c6d08b99c18eaf31,NEEDS_REVIEW,No explicit human approval or rejection supplied; retained as unresolved candidate.,,
errskill__c72f4baa41d0cd24,NEEDS_REVIEW,No explicit human approval or rejection supplied; retained as unresolved candidate.,,
errskill__c742ddcff4f567d1,NEEDS_REVIEW,No explicit human approval or rejection supplied; retained as unresolved candidate.,,
errskill__c7554b4cd65eff1a,NEEDS_REVIEW,No explicit human approval or rejection supplied; retained as unresolved candidate.,,
errskill__c7a0368d56ba8606,NEEDS_REVIEW,No explicit human approval or rejection supplied; retained as unresolved candidate.,,
errskill__c82c0b3b482068ab,NEEDS_REVIEW,No explicit human approval or rejection supplied; retained as unresolved candidate.,,
errskill__c8f1073a6a2e37b2,NEEDS_REVIEW,No explicit human approval or rejection supplied; retained as unresolved candidate.,,
errskill__c94835e4303950fb,NEEDS_REVIEW,No explicit human approval or rejection supplied; retained as unresolved candidate.,,
errskill__c97075c6def67727,NEEDS_REVIEW,No explicit human approval or rejection supplied; retained as unresolved candidate.,,
errskill__ca242d8ae79038bc,NEEDS_REVIEW,No explicit human approval or rejection supplied; retained as unresolved candidate.,,
errskill__ca342926f524e2d3,NEEDS_REVIEW,No explicit human approval or rejection supplied; retained as unresolved candidate.,,
errskill__cb0299cda5ab5825,NEEDS_REVIEW,No explicit human approval or rejection supplied; retained as unresolved candidate.,,
errskill__cb0fd8a94c1447b4,NEEDS_REVIEW,No explicit human approval or rejection supplied; retained as unresolved candidate.,,
errskill__cb3e31ba67c0835a,NEEDS_REVIEW,No explicit human approval or rejection supplied; retained as unresolved candidate.,,
errskill__cbca16882e0218a6,NEEDS_REVIEW,No explicit human approval or rejection supplied; retained as unresolved candidate.,,
errskill__cbfd79168664b386,NEEDS_REVIEW,No explicit human approval or rejection supplied; retained as unresolved candidate.,,
errskill__cc80154fe6d80aed,NEEDS_REVIEW,No explicit human approval or rejection supplied; retained as unresolved candidate.,,
errskill__cd0db7946e549080,NEEDS_REVIEW,No explicit human approval or rejection supplied; retained as unresolved candidate.,,
errskill__cd1e21c969135d62,NEEDS_REVIEW,No explicit human approval or rejection supplied; retained as unresolved candidate.,,
errskill__cdb1d730a22ccbb9,NEEDS_REVIEW,No explicit human approval or rejection supplied; retained as unresolved candidate.,,
errskill__cde24df6ca8081f5,NEEDS_REVIEW,No explicit human approval or rejection supplied; retained as unresolved candidate.,,
errskill__ce2ec61d1da2bf74,NEEDS_REVIEW,No explicit human approval or rejection supplied; retained as unresolved candidate.,,
errskill__ce5cc362c43e84ad,NEEDS_REVIEW,No explicit human approval or rejection supplied; retained as unresolved candidate.,,
errskill__cea8c4f11e03376c,NEEDS_REVIEW,No explicit human approval or rejection supplied; retained as unresolved candidate.,,
errskill__cea9db4e898bbc5e,NEEDS_REVIEW,No explicit human approval or rejection supplied; retained as unresolved candidate.,,
errskill__cecfabc16715a366,NEEDS_REVIEW,No explicit human approval or rejection supplied; retained as unresolved candidate.,,
errskill__cf1f28c5438e8a56,NEEDS_REVIEW,No explicit human approval or rejection supplied; retained as unresolved candidate.,,
errskill__cf261fc0519bdc81,NEEDS_REVIEW,No explicit human approval or rejection supplied; retained as unresolved candidate.,,
errskill__cf4bdd085c76cea7,NEEDS_REVIEW,No explicit human approval or rejection supplied; retained as unresolved candidate.,,
errskill__cfad8af1ef0a2659,NEEDS_REVIEW,No explicit human approval or rejection supplied; retained as unresolved candidate.,,
errskill__cff89fae2cd995b2,NEEDS_REVIEW,No explicit human approval or rejection supplied; retained as unresolved candidate.,,
errskill__d0b1fbbb8d6050e0,NEEDS_REVIEW,No explicit human approval or rejection supplied; retained as unresolved candidate.,,
errskill__d11ba857251f01cd,NEEDS_REVIEW,No explicit human approval or rejection supplied; retained as unresolved candidate.,,
errskill__d20a15db41234686,NEEDS_REVIEW,No explicit human approval or rejection supplied; retained as unresolved candidate.,,
errskill__d2bcd7b418586b53,NEEDS_REVIEW,No explicit human approval or rejection supplied; retained as unresolved candidate.,,
errskill__d2e4310e0e8ef54b,NEEDS_REVIEW,No explicit human approval or rejection supplied; retained as unresolved candidate.,,
errskill__d3220b42dd01b9bd,NEEDS_REVIEW,No explicit human approval or rejection supplied; retained as unresolved candidate.,,
errskill__d33552bef0bfb90f,NEEDS_REVIEW,No explicit human approval or rejection supplied; retained as unresolved candidate.,,
errskill__d389f5ac018d499e,NEEDS_REVIEW,No explicit human approval or rejection supplied; retained as unresolved candidate.,,
errskill__d54eda6bbdd4624e,NEEDS_REVIEW,No explicit human approval or rejection supplied; retained as unresolved candidate.,,
errskill__d55e24ecf4ab7553,NEEDS_REVIEW,No explicit human approval or rejection supplied; retained as unresolved candidate.,,
errskill__d56bd7539941c754,NEEDS_REVIEW,No explicit human approval or rejection supplied; retained as unresolved candidate.,,
errskill__d5f67b87d77ffb46,NEEDS_REVIEW,No explicit human approval or rejection supplied; retained as unresolved candidate.,,
errskill__d676fc6e2ee8e78a,NEEDS_REVIEW,No explicit human approval or rejection supplied; retained as unresolved candidate.,,
errskill__d679efbd74eb3c51,NEEDS_REVIEW,No explicit human approval or rejection supplied; retained as unresolved candidate.,,
errskill__d6808c4f22bd7f9f,NEEDS_REVIEW,No explicit human approval or rejection supplied; retained as unresolved candidate.,,
errskill__d6a8da6660a8092e,NEEDS_REVIEW,No explicit human approval or rejection supplied; retained as unresolved candidate.,,
errskill__d70e0ce21cad93f1,NEEDS_REVIEW,No explicit human approval or rejection supplied; retained as unresolved candidate.,,
errskill__d7170efa4f0f2d17,NEEDS_REVIEW,No explicit human approval or rejection supplied; retained as unresolved candidate.,,
errskill__d76c0f9dba37d9b4,NEEDS_REVIEW,No explicit human approval or rejection supplied; retained as unresolved candidate.,,
errskill__d78ba65719ab5be7,NEEDS_REVIEW,No explicit human approval or rejection supplied; retained as unresolved candidate.,,
errskill__d7ba970707e67567,NEEDS_REVIEW,No explicit human approval or rejection supplied; retained as unresolved candidate.,,
errskill__d7e2aa7b4fdd5a68,NEEDS_REVIEW,No explicit human approval or rejection supplied; retained as unresolved candidate.,,
errskill__d8083729ad39daf1,NEEDS_REVIEW,No explicit human approval or rejection supplied; retained as unresolved candidate.,,
errskill__d82571c86c56ed80,NEEDS_REVIEW,No explicit human approval or rejection supplied; retained as unresolved candidate.,,
errskill__d8f24325b5919d31,NEEDS_REVIEW,No explicit human approval or rejection supplied; retained as unresolved candidate.,,
errskill__d9d98ee7a9293323,NEEDS_REVIEW,No explicit human approval or rejection supplied; retained as unresolved candidate.,,
errskill__dadb7c62fd0affe9,NEEDS_REVIEW,No explicit human approval or rejection supplied; retained as unresolved candidate.,,
errskill__db22659274e8df81,NEEDS_REVIEW,No explicit human approval or rejection supplied; retained as unresolved candidate.,,
errskill__db338e63b94a0b08,NEEDS_REVIEW,No explicit human approval or rejection supplied; retained as unresolved candidate.,,
errskill__db42b5e5fa679ef4,NEEDS_REVIEW,No explicit human approval or rejection supplied; retained as unresolved candidate.,,
errskill__db56da5479564e62,NEEDS_REVIEW,No explicit human approval or rejection supplied; retained as unresolved candidate.,,
errskill__db6b45dbe61b6d81,NEEDS_REVIEW,No explicit human approval or rejection supplied; retained as unresolved candidate.,,
errskill__db817610437ff250,NEEDS_REVIEW,No explicit human approval or rejection supplied; retained as unresolved candidate.,,
errskill__dbb2ea2b70d96420,NEEDS_REVIEW,No explicit human approval or rejection supplied; retained as unresolved candidate.,,
errskill__dbe57ef84c619f91,NEEDS_REVIEW,No explicit human approval or rejection supplied; retained as unresolved candidate.,,
errskill__dbff84ede2dbe86e,NEEDS_REVIEW,No explicit human approval or rejection supplied; retained as unresolved candidate.,,
errskill__dc2fc51d906b45d5,NEEDS_REVIEW,No explicit human approval or rejection supplied; retained as unresolved candidate.,,
errskill__dc43d498ba70c436,NEEDS_REVIEW,No explicit human approval or rejection supplied; retained as unresolved candidate.,,
errskill__dc5ce799ee6733da,NEEDS_REVIEW,No explicit human approval or rejection supplied; retained as unresolved candidate.,,
errskill__dc6f7d31a20b5a1c,NEEDS_REVIEW,No explicit human approval or rejection supplied; retained as unresolved candidate.,,
errskill__dcdb36bc677fc309,NEEDS_REVIEW,No explicit human approval or rejection supplied; retained as unresolved candidate.,,
errskill__dd23215ba37943e1,NEEDS_REVIEW,No explicit human approval or rejection supplied; retained as unresolved candidate.,,
errskill__dd81ab5be450605c,NEEDS_REVIEW,No explicit human approval or rejection supplied; retained as unresolved candidate.,,
errskill__dde4dfbd2d24d888,NEEDS_REVIEW,No explicit human approval or rejection supplied; retained as unresolved candidate.,,
errskill__ddfb05f7f644ceea,NEEDS_REVIEW,No explicit human approval or rejection supplied; retained as unresolved candidate.,,
errskill__de5f9c4a0dd2243c,NEEDS_REVIEW,No explicit human approval or rejection supplied; retained as unresolved candidate.,,
errskill__de8684223fcdb38f,NEEDS_REVIEW,No explicit human approval or rejection supplied; retained as unresolved candidate.,,
errskill__deecf15dac53668c,NEEDS_REVIEW,No explicit human approval or rejection supplied; retained as unresolved candidate.,,
errskill__df80fed769985ddc,NEEDS_REVIEW,No explicit human approval or rejection supplied; retained as unresolved candidate.,,
errskill__dffb444c22033c43,NEEDS_REVIEW,No explicit human approval or rejection supplied; retained as unresolved candidate.,,
errskill__e00049c3255faa60,NEEDS_REVIEW,No explicit human approval or rejection supplied; retained as unresolved candidate.,,
errskill__e0867c89001086c3,NEEDS_REVIEW,No explicit human approval or rejection supplied; retained as unresolved candidate.,,
errskill__e0ef550c5e598c41,NEEDS_REVIEW,No explicit human approval or rejection supplied; retained as unresolved candidate.,,
errskill__e1de2a4c74889da9,NEEDS_REVIEW,No explicit human approval or rejection supplied; retained as unresolved candidate.,,
errskill__e247a5ab444eff5b,NEEDS_REVIEW,No explicit human approval or rejection supplied; retained as unresolved candidate.,,
errskill__e27cfc41a5a0dfda,NEEDS_REVIEW,No explicit human approval or rejection supplied; retained as unresolved candidate.,,
errskill__e2a08ae281395b7e,NEEDS_REVIEW,No explicit human approval or rejection supplied; retained as unresolved candidate.,,
errskill__e2dc9e4a77c1b016,NEEDS_REVIEW,No explicit human approval or rejection supplied; retained as unresolved candidate.,,
errskill__e2fc0ce6bfc9abfa,NEEDS_REVIEW,No explicit human approval or rejection supplied; retained as unresolved candidate.,,
errskill__e354c25f23df6cba,NEEDS_REVIEW,No explicit human approval or rejection supplied; retained as unresolved candidate.,,
errskill__e3588dcba7cba4c2,NEEDS_REVIEW,No explicit human approval or rejection supplied; retained as unresolved candidate.,,
errskill__e3887aa04931307c,NEEDS_REVIEW,No explicit human approval or rejection supplied; retained as unresolved candidate.,,
errskill__e3a81de51a4ae8da,NEEDS_REVIEW,No explicit human approval or rejection supplied; retained as unresolved candidate.,,
errskill__e4eba486c08d349d,NEEDS_REVIEW,No explicit human approval or rejection supplied; retained as unresolved candidate.,,
errskill__e5838cb3beb4a2e9,NEEDS_REVIEW,No explicit human approval or rejection supplied; retained as unresolved candidate.,,
errskill__e5fea676664433e5,NEEDS_REVIEW,No explicit human approval or rejection supplied; retained as unresolved candidate.,,
errskill__e6173ea56c53d111,NEEDS_REVIEW,No explicit human approval or rejection supplied; retained as unresolved candidate.,,
errskill__e6bf18de32091a87,NEEDS_REVIEW,No explicit human approval or rejection supplied; retained as unresolved candidate.,,
errskill__e6c9b282f861a5b4,NEEDS_REVIEW,No explicit human approval or rejection supplied; retained as unresolved candidate.,,
errskill__e77013e7b7f19192,NEEDS_REVIEW,No explicit human approval or rejection supplied; retained as unresolved candidate.,,
errskill__e7860706ade05112,NEEDS_REVIEW,No explicit human approval or rejection supplied; retained as unresolved candidate.,,
errskill__e7fc79f0ca6e696c,NEEDS_REVIEW,No explicit human approval or rejection supplied; retained as unresolved candidate.,,
errskill__e83fb0f24f3a99bf,NEEDS_REVIEW,No explicit human approval or rejection supplied; retained as unresolved candidate.,,
errskill__e8506c690fc265d3,NEEDS_REVIEW,No explicit human approval or rejection supplied; retained as unresolved candidate.,,
errskill__e91564870ec2f161,NEEDS_REVIEW,No explicit human approval or rejection supplied; retained as unresolved candidate.,,
errskill__e9a6f02fed1c806f,NEEDS_REVIEW,No explicit human approval or rejection supplied; retained as unresolved candidate.,,
errskill__e9e212fe4f423312,NEEDS_REVIEW,No explicit human approval or rejection supplied; retained as unresolved candidate.,,
errskill__ea593714bc79e813,NEEDS_REVIEW,No explicit human approval or rejection supplied; retained as unresolved candidate.,,
errskill__ea79f3fe66c499c8,NEEDS_REVIEW,No explicit human approval or rejection supplied; retained as unresolved candidate.,,
errskill__eaa66b89fc025fba,NEEDS_REVIEW,No explicit human approval or rejection supplied; retained as unresolved candidate.,,
errskill__eae766b3fabee9f4,NEEDS_REVIEW,No explicit human approval or rejection supplied; retained as unresolved candidate.,,
errskill__ebf1aba23c4bf38e,NEEDS_REVIEW,No explicit human approval or rejection supplied; retained as unresolved candidate.,,
errskill__ec0f1936581a8374,NEEDS_REVIEW,No explicit human approval or rejection supplied; retained as unresolved candidate.,,
errskill__ec2655df15b82fa6,NEEDS_REVIEW,No explicit human approval or rejection supplied; retained as unresolved candidate.,,
errskill__ec3815fd4f5a9b7e,NEEDS_REVIEW,No explicit human approval or rejection supplied; retained as unresolved candidate.,,
errskill__ec9dd1bbc9bf5a89,NEEDS_REVIEW,No explicit human approval or rejection supplied; retained as unresolved candidate.,,
errskill__ecf6ef562364a13b,NEEDS_REVIEW,No explicit human approval or rejection supplied; retained as unresolved candidate.,,
errskill__ed0f9000d6408606,NEEDS_REVIEW,No explicit human approval or rejection supplied; retained as unresolved candidate.,,
errskill__ed5b78d7ce0bc2c8,NEEDS_REVIEW,No explicit human approval or rejection supplied; retained as unresolved candidate.,,
errskill__ed81e28cb4884a7d,NEEDS_REVIEW,No explicit human approval or rejection supplied; retained as unresolved candidate.,,
errskill__edc0ebb1799fd8c4,NEEDS_REVIEW,No explicit human approval or rejection supplied; retained as unresolved candidate.,,
errskill__ede9338e7549fe4e,NEEDS_REVIEW,No explicit human approval or rejection supplied; retained as unresolved candidate.,,
errskill__ede96fbcf0d7fc54,NEEDS_REVIEW,No explicit human approval or rejection supplied; retained as unresolved candidate.,,
errskill__ef0feb663badb3b6,NEEDS_REVIEW,No explicit human approval or rejection supplied; retained as unresolved candidate.,,
errskill__ef1b981ce1233d36,NEEDS_REVIEW,No explicit human approval or rejection supplied; retained as unresolved candidate.,,
errskill__efb78b1492bb5ef5,NEEDS_REVIEW,No explicit human approval or rejection supplied; retained as unresolved candidate.,,
errskill__efc3b10179072d94,NEEDS_REVIEW,No explicit human approval or rejection supplied; retained as unresolved candidate.,,
errskill__efcecac0bc2cf57c,NEEDS_REVIEW,No explicit human approval or rejection supplied; retained as unresolved candidate.,,
errskill__f02022816dd2ee6d,NEEDS_REVIEW,No explicit human approval or rejection supplied; retained as unresolved candidate.,,
errskill__f06b075725e865c7,NEEDS_REVIEW,No explicit human approval or rejection supplied; retained as unresolved candidate.,,
errskill__f1748dd9763e01b0,NEEDS_REVIEW,No explicit human approval or rejection supplied; retained as unresolved candidate.,,
errskill__f1ce1fabcbc7ea8e,NEEDS_REVIEW,No explicit human approval or rejection supplied; retained as unresolved candidate.,,
errskill__f1ef818dbad98eb2,NEEDS_REVIEW,No explicit human approval or rejection supplied; retained as unresolved candidate.,,
errskill__f23f9ac88806b88a,NEEDS_REVIEW,No explicit human approval or rejection supplied; retained as unresolved candidate.,,
errskill__f242364370e65361,NEEDS_REVIEW,No explicit human approval or rejection supplied; retained as unresolved candidate.,,
errskill__f274be91aa6a6ecb,NEEDS_REVIEW,No explicit human approval or rejection supplied; retained as unresolved candidate.,,
errskill__f27bc52ba58f3e6e,NEEDS_REVIEW,No explicit human approval or rejection supplied; retained as unresolved candidate.,,
errskill__f2afd7a902e0fd49,NEEDS_REVIEW,No explicit human approval or rejection supplied; retained as unresolved candidate.,,
errskill__f2f803a65b68b779,NEEDS_REVIEW,No explicit human approval or rejection supplied; retained as unresolved candidate.,,
errskill__f307aa2f67bb8bf8,NEEDS_REVIEW,No explicit human approval or rejection supplied; retained as unresolved candidate.,,
errskill__f375b0393875f86a,NEEDS_REVIEW,No explicit human approval or rejection supplied; retained as unresolved candidate.,,
errskill__f38744a2923d6cf4,NEEDS_REVIEW,No explicit human approval or rejection supplied; retained as unresolved candidate.,,
errskill__f3ce74a6860a5392,NEEDS_REVIEW,No explicit human approval or rejection supplied; retained as unresolved candidate.,,
errskill__f3da51221e9897cc,NEEDS_REVIEW,No explicit human approval or rejection supplied; retained as unresolved candidate.,,
errskill__f406bc5cfa328c51,NEEDS_REVIEW,No explicit human approval or rejection supplied; retained as unresolved candidate.,,
errskill__f42e56b601b844be,NEEDS_REVIEW,No explicit human approval or rejection supplied; retained as unresolved candidate.,,
errskill__f49ee9c83f65d10e,NEEDS_REVIEW,No explicit human approval or rejection supplied; retained as unresolved candidate.,,
errskill__f4b67de2b46d9995,NEEDS_REVIEW,No explicit human approval or rejection supplied; retained as unresolved candidate.,,
errskill__f5577af996efd0ba,NEEDS_REVIEW,No explicit human approval or rejection supplied; retained as unresolved candidate.,,
errskill__f5ee79b596018159,NEEDS_REVIEW,No explicit human approval or rejection supplied; retained as unresolved candidate.,,
errskill__f63a600e03512da9,NEEDS_REVIEW,No explicit human approval or rejection supplied; retained as unresolved candidate.,,
errskill__f68285905f8e0e79,NEEDS_REVIEW,No explicit human approval or rejection supplied; retained as unresolved candidate.,,
errskill__f6d97a9056d3916e,NEEDS_REVIEW,No explicit human approval or rejection supplied; retained as unresolved candidate.,,
errskill__f77df40697e330e0,NEEDS_REVIEW,No explicit human approval or rejection supplied; retained as unresolved candidate.,,
errskill__f7b884a8798a6975,NEEDS_REVIEW,No explicit human approval or rejection supplied; retained as unresolved candidate.,,
errskill__f87f6229b5e3a6af,NEEDS_REVIEW,No explicit human approval or rejection supplied; retained as unresolved candidate.,,
errskill__f89450a0582912af,NEEDS_REVIEW,No explicit human approval or rejection supplied; retained as unresolved candidate.,,
errskill__f8ac5a876f2d84d9,NEEDS_REVIEW,No explicit human approval or rejection supplied; retained as unresolved candidate.,,
errskill__f9be018615b46c5a,NEEDS_REVIEW,No explicit human approval or rejection supplied; retained as unresolved candidate.,,
errskill__fa982a5b21f403a8,NEEDS_REVIEW,No explicit human approval or rejection supplied; retained as unresolved candidate.,,
errskill__fad48904e8f7af1c,NEEDS_REVIEW,No explicit human approval or rejection supplied; retained as unresolved candidate.,,
errskill__fb2a775809fe9edc,NEEDS_REVIEW,No explicit human approval or rejection supplied; retained as unresolved candidate.,,
errskill__fb75ef3d00336fbc,NEEDS_REVIEW,No explicit human approval or rejection supplied; retained as unresolved candidate.,,
errskill__fccca2f03495f61b,NEEDS_REVIEW,No explicit human approval or rejection supplied; retained as unresolved candidate.,,
errskill__fd3d385c183f4a5f,NEEDS_REVIEW,No explicit human approval or rejection supplied; retained as unresolved candidate.,,
errskill__fd566e6c94702886,NEEDS_REVIEW,No explicit human approval or rejection supplied; retained as unresolved candidate.,,
errskill__fdb6be5fd860c81b,NEEDS_REVIEW,No explicit human approval or rejection supplied; retained as unresolved candidate.,,
errskill__fe4e903aa07d2e9d,NEEDS_REVIEW,No explicit human approval or rejection supplied; retained as unresolved candidate.,,
errskill__fe6ea3ec5149f56b,NEEDS_REVIEW,No explicit human approval or rejection supplied; retained as unresolved candidate.,,
errskill__fea4a8dc25032e07,NEEDS_REVIEW,No explicit human approval or rejection supplied; retained as unresolved candidate.,,
errskill__fee42b60f21e9147,NEEDS_REVIEW,No explicit human approval or rejection supplied; retained as unresolved candidate.,,
errskill__fee9000af8b31602,NEEDS_REVIEW,No explicit human approval or rejection supplied; retained as unresolved candidate.,,
errskill__feeffd667adeb78e,NEEDS_REVIEW,No explicit human approval or rejection supplied; retained as unresolved candidate.,,
errskill__ff1fdab4ca8405d9,NEEDS_REVIEW,No explicit human approval or rejection supplied; retained as unresolved candidate.,,
errskill__ff3225d6329f8b2b,NEEDS_REVIEW,No explicit human approval or rejection supplied; retained as unresolved candidate.,,
errskill__ffcd7aceb14f0806,NEEDS_REVIEW,No explicit human approval or rejection supplied; retained as unresolved candidate.,,
errskill__ffe272cc875a23e5,NEEDS_REVIEW,No explicit human approval or rejection supplied; retained as unresolved candidate.,,
errskill__fff4c7ba2ca4b70f,NEEDS_REVIEW,No explicit human approval or rejection supplied; retained as unresolved candidate.,,
errskill__fff8d13c40ae4183,NEEDS_REVIEW,No explicit human approval or rejection supplied; retained as unresolved candidate.,,
errskill__ffff1bb5d43912a3,NEEDS_REVIEW,No explicit human approval or rejection supplied; retained as unresolved candidate.,,
