review_row_id,source_key,source_label,normalized_category,normalized_subtype,normalization_status,count,canonical_skill_candidates,skill_mapping_statuses,sample_error_instance_ids,review_status,reason
review__error_skill_mapping_review__3a1838f8b33c44b1,clc_fce,R,other,clc_r,ambiguous,2315,,{},err__clc_fce__4375d699341b982c;err__clc_fce__66ea9c360657f75f;err__clc_fce__31419f3741177814;err__clc_fce__2dc35f4b05095f52;err__clc_fce__76387a2d7d3035dc,needs_review,CLC operation-only label lacks a word-class target.
review__error_skill_mapping_review__4e44b87a369095bf,clc_fce,M,other,clc_m,ambiguous,752,,{},err__clc_fce__f7f1e4592f6884aa;err__clc_fce__ebb0346c8cbd65f3;err__clc_fce__5ce5714127550be1;err__clc_fce__2b8212a4bb488891;err__clc_fce__bc367fb06394f1e0,needs_review,CLC operation-only label lacks a word-class target.
review__error_skill_mapping_review__302e9c5e5df12bf6,clc_fce,U,other,clc_u,ambiguous,313,,{},err__clc_fce__652253a112b490c2;err__clc_fce__332a19b6d8868219;err__clc_fce__6a5602eadcfbe14a;err__clc_fce__170ce8c81c65b7b6;err__clc_fce__7363fa3cd008923c,needs_review,CLC operation-only label lacks a word-class target.
review__error_skill_mapping_review__93c973f28d8c242d,clc_fce,MN,other,clc_mn,ambiguous,262,,{},err__clc_fce__98fd4086e272ad87;err__clc_fce__952921c25011cab1;err__clc_fce__0f663e7a525c800a;err__clc_fce__53d2cac9f26aa115;err__clc_fce__410af6ce46353abf,needs_review,CLC noun-class operation is too broad for a V1 grammar category.
review__error_skill_mapping_review__031640527a1bf490,clc_fce,UN,other,clc_un,ambiguous,231,,{},err__clc_fce__3c25680c099b840a;err__clc_fce__c755b60082086ac3;err__clc_fce__5ed4809e11fd4db0;err__clc_fce__9c60ca638cd2eb28;err__clc_fce__ff48cb4ea295cfbe,needs_review,CLC noun-class operation is too broad for a V1 grammar category.
review__error_skill_mapping_review__2467309454ef5635,clc_fce,IN,other,clc_in,ambiguous,129,,{},err__clc_fce__2a8adf2ee0fae711;err__clc_fce__e660ddc829b5643b;err__clc_fce__0aeabb70d735d6bc;err__clc_fce__69263accf24700b5;err__clc_fce__78c4efb86019230e,needs_review,CLC noun-class operation is too broad for a V1 grammar category.
review__error_skill_mapping_review__7262cc1660e5d0e5,clc_fce,X,other,clc_x,ambiguous,120,,{},err__clc_fce__829bf148363b95c7;err__clc_fce__423a57c89b3d4652;err__clc_fce__8877f1836a844f28;err__clc_fce__2b2471c997ba89d7;err__clc_fce__474b3a360165f1be,needs_review,CLC miscellaneous label is intentionally held for review.
review__error_skill_mapping_review__4348fa5d9b02c581,clc_fce,RV(TV),lexical_choice,clc_rv,ambiguous,84,,{},err__clc_fce__783b607cb895c04b;err__clc_fce__a40ac3d25836853a;err__clc_fce__b64e5724b9aed753;err__clc_fce__0f26a97a1ed5adf7;err__clc_fce__1731f57be643fdab,needs_review,CLC replace-verb label may be lexical rather than grammatical form; keep pending review. Compound CLC label preserves nested or overlapping source annotation; review before using as a single category.
review__error_skill_mapping_review__91c4ec909b383019,clc_fce,TV(RV),verb_tense,clc_tv,ambiguous,80,,{},err__clc_fce__b076a71f5e316c11;err__clc_fce__43bc4f6144f53cd8;err__clc_fce__301d75593c2d2033;err__clc_fce__314e90b5502bbe5f;err__clc_fce__efb6b1fc2c73418a,needs_review,CLC README defines TV as an incorrect tense-of-verb error. Compound CLC label preserves nested or overlapping source annotation; review before using as a single category.
review__error_skill_mapping_review__241af0f83b9dc168,clc_fce,RN(S),lexical_choice,clc_rn,ambiguous,70,,{},err__clc_fce__b250e95df7cde014;err__clc_fce__34eeea5906b89985;err__clc_fce__20ca0c51473e1797;err__clc_fce__f11651236b3647a6;err__clc_fce__13846e184e2942c0,needs_review,CLC README defines RN as a replace-noun error. Compound CLC label preserves nested or overlapping source annotation; review before using as a single category.
review__error_skill_mapping_review__12c784cc2c600464,clc_fce,RV(FV),lexical_choice,clc_rv,ambiguous,66,,{},err__clc_fce__e6f4fb913c1733ce;err__clc_fce__243e9f69d268ae31;err__clc_fce__248c73d303397e3d;err__clc_fce__88b8ce0e53e5ffd3;err__clc_fce__dcc614c1afb336e0,needs_review,CLC replace-verb label may be lexical rather than grammatical form; keep pending review. Compound CLC label preserves nested or overlapping source annotation; review before using as a single category.
review__error_skill_mapping_review__8f5420080e529b5e,clc_fce,RV(S),lexical_choice,clc_rv,ambiguous,60,,{},err__clc_fce__1dd3f8d33f806b53;err__clc_fce__22fdf215c36f038c;err__clc_fce__25baeafabded9096;err__clc_fce__e0c119a6696d2707;err__clc_fce__726d18a15bf62fb2,needs_review,CLC replace-verb label may be lexical rather than grammatical form; keep pending review. Compound CLC label preserves nested or overlapping source annotation; review before using as a single category.
review__error_skill_mapping_review__1df3f9ccd63ba505,clc_fce,TV(S),verb_tense,clc_tv,ambiguous,58,,{},err__clc_fce__3fb0e28f8a32c6d1;err__clc_fce__776b9cbcd8c03e36;err__clc_fce__a2e20c118ea67915;err__clc_fce__559b14f43177783e;err__clc_fce__497b75ac26e236e0,needs_review,CLC README defines TV as an incorrect tense-of-verb error. Compound CLC label preserves nested or overlapping source annotation; review before using as a single category.
review__error_skill_mapping_review__999d8311590d3c9d,clc_fce,RP(S),punctuation,clc_rp,ambiguous,53,,{},err__clc_fce__26e81c6cedbedd52;err__clc_fce__a28567f2d3aa2d3b;err__clc_fce__d8befa54337c08d1;err__clc_fce__fabe22a9e39fd96d;err__clc_fce__c06ca34d447a7745,needs_review,CLC code targets punctuation. Compound CLC label preserves nested or overlapping source annotation; review before using as a single category.
review__error_skill_mapping_review__8f54bc9dcfe234ea,clc_fce,RJ(S),adjective_adverb,clc_rj,ambiguous,45,,{},err__clc_fce__b5f1722c2b9b6113;err__clc_fce__ec69b8127ad427e8;err__clc_fce__b0ef3ce76b072e4c;err__clc_fce__b3a7c21a3ef7ba2f;err__clc_fce__fe26c6a7943a414a,needs_review,CLC code targets adjective/adverb-class use. Compound CLC label preserves nested or overlapping source annotation; review before using as a single category.
review__error_skill_mapping_review__ada92194c1f3c224,clc_fce,W(S),word_order,clc_w,ambiguous,41,,{},err__clc_fce__c97bf04386372242;err__clc_fce__98995084edc0c213;err__clc_fce__fdb47a45eda5a605;err__clc_fce__676f6b16da264555;err__clc_fce__bd48b49b0d001e6a,needs_review,CLC code targets word order. Compound CLC label preserves nested or overlapping source annotation; review before using as a single category.
review__error_skill_mapping_review__ffee9c61864b32cf,clc_fce,R(S),other,clc_r,ambiguous,40,,{},err__clc_fce__72d5704e54f81e6e;err__clc_fce__e65b730c318b2e77;err__clc_fce__c23f7aa74babe9bc;err__clc_fce__dd755536e48c11eb;err__clc_fce__7b7e72953efd08be,needs_review,CLC operation-only label lacks a word-class target. Compound CLC label preserves nested or overlapping source annotation; review before using as a single category.
review__error_skill_mapping_review__305a0c71395d95b6,clc_fce,FN(S),word_form,clc_fn,ambiguous,39,,{},err__clc_fce__3131bb1348e60a99;err__clc_fce__66ca5193c48f2b1f;err__clc_fce__65196cdf682100a9;err__clc_fce__e6eac5f16e480610;err__clc_fce__bebe8a53ff3fd737,needs_review,CLC README defines FN as a wrong noun-form error. Compound CLC label preserves nested or overlapping source annotation; review before using as a single category.
review__error_skill_mapping_review__aa707531f960745b,clc_fce,FV(RV),verb_form,clc_fv,ambiguous,38,,{},err__clc_fce__e33fb67aa41a7412;err__clc_fce__382cc79dc39edbb5;err__clc_fce__e31cac5ec9fd3fb7;err__clc_fce__62b2d2fd8d1a0234;err__clc_fce__96254b823200d8dd,needs_review,CLC code targets verb form. Compound CLC label preserves nested or overlapping source annotation; review before using as a single category.
review__error_skill_mapping_review__cd022ebe90a9892c,clc_fce,TV(AGV),verb_tense,clc_tv,ambiguous,36,,{},err__clc_fce__c4cc2ecb6f1c502d;err__clc_fce__37aab375106277b1;err__clc_fce__6be09e030c0f57c3;err__clc_fce__4e38d6904ec93ae4;err__clc_fce__9cf3ec1017d29b5e,needs_review,CLC README defines TV as an incorrect tense-of-verb error. Compound CLC label preserves nested or overlapping source annotation; review before using as a single category.
review__error_skill_mapping_review__b6ed5ce08673c64c,clc_fce,FV(S),verb_form,clc_fv,ambiguous,31,,{},err__clc_fce__8cf1cbb449a04b08;err__clc_fce__006ff77a1365e928;err__clc_fce__376e962b5ed120e5;err__clc_fce__84960de4150f54d7;err__clc_fce__dc157b843f566e43,needs_review,CLC code targets verb form. Compound CLC label preserves nested or overlapping source annotation; review before using as a single category.
review__error_skill_mapping_review__c9774122ea2a2313,clc_fce,RV(AGV),lexical_choice,clc_rv,ambiguous,28,,{},err__clc_fce__26279929f754d3c4;err__clc_fce__1a0db921c97ed27a;err__clc_fce__7872800eb2ff17f9;err__clc_fce__41724e9f6af7d2b7;err__clc_fce__6a084068044bca50,needs_review,CLC replace-verb label may be lexical rather than grammatical form; keep pending review. Compound CLC label preserves nested or overlapping source annotation; review before using as a single category.
review__error_skill_mapping_review__57dfb59ce8f415d8,clc_fce,DJ(S),adjective_adverb,clc_dj,ambiguous,27,,{},err__clc_fce__81238c80cf315479;err__clc_fce__f34f071626eab4c5;err__clc_fce__3083c4fce64982b3;err__clc_fce__bdb031bcb51529be;err__clc_fce__68855888573aee16,needs_review,CLC code targets adjective/adverb-class use. Compound CLC label preserves nested or overlapping source annotation; review before using as a single category.
review__error_skill_mapping_review__dc4aa16fea09a5a9,clc_fce,W(RP),word_order,clc_w,ambiguous,25,,{},err__clc_fce__23f30ecd6226cf1b;err__clc_fce__67ccec9029bb2a26;err__clc_fce__c793a4afa6bb3a11;err__clc_fce__2384496564858378;err__clc_fce__55cde032138b8a30,needs_review,CLC code targets word order. Compound CLC label preserves nested or overlapping source annotation; review before using as a single category.
review__error_skill_mapping_review__a797d8d4599d1872,clc_fce,W(RV),word_order,clc_w,ambiguous,24,,{},err__clc_fce__73bf7986f519de31;err__clc_fce__936a8e5006e1a754;err__clc_fce__6f9f6e8f6b8727ed;err__clc_fce__f4ca340a14d74ae9;err__clc_fce__f69629bc5809166c,needs_review,CLC code targets word order. Compound CLC label preserves nested or overlapping source annotation; review before using as a single category.
review__error_skill_mapping_review__274963c104cbf8fd,clc_fce,TV(IV),verb_tense,clc_tv,ambiguous,23,,{},err__clc_fce__71f1bbeedbb0c73b;err__clc_fce__d19ce1e1d53e4703;err__clc_fce__ebda6ff66c19ee90;err__clc_fce__53967655eea0154a;err__clc_fce__a36e7c98c10d6cdf,needs_review,CLC README defines TV as an incorrect tense-of-verb error. Compound CLC label preserves nested or overlapping source annotation; review before using as a single category.
review__error_skill_mapping_review__9ae80bbdcedffac9,clc_fce,AGN(S),noun_number,clc_agn,ambiguous,22,,{},err__clc_fce__4b6a43016d0ddfc9;err__clc_fce__6ebacc04dc816fd5;err__clc_fce__1951b23f44f2b558;err__clc_fce__c2e0aafb9632a095;err__clc_fce__3f9adbb03a8d5b99,needs_review,CLC agreement label targets nouns; V1 treats it as noun-number/countability candidate. Compound CLC label preserves nested or overlapping source annotation; review before using as a single category.
review__error_skill_mapping_review__5bb1229cdcc88a1a,clc_fce,MP(S),punctuation,clc_mp,ambiguous,22,,{},err__clc_fce__21a50776e31d273a;err__clc_fce__bc64819ceca5fbc5;err__clc_fce__102f3f65be4a972b;err__clc_fce__b277e30914bfd0ce;err__clc_fce__2cdb1d0ae8856383,needs_review,CLC code targets punctuation. Compound CLC label preserves nested or overlapping source annotation; review before using as a single category.
review__error_skill_mapping_review__7d1931af80cb8f5b,clc_fce,RV(IV),lexical_choice,clc_rv,ambiguous,22,,{},err__clc_fce__0849a2bba77dce8f;err__clc_fce__d0d7597517060247;err__clc_fce__6d667293f3b5041b;err__clc_fce__61110bb4262ea3c9;err__clc_fce__b5cb16e4c59dc7c2,needs_review,CLC replace-verb label may be lexical rather than grammatical form; keep pending review. Compound CLC label preserves nested or overlapping source annotation; review before using as a single category.
review__error_skill_mapping_review__76672c2be44a9749,clc_fce,W(RY),word_order,clc_w,ambiguous,22,,{},err__clc_fce__dfacff2243fbba82;err__clc_fce__f3286573265f6f71;err__clc_fce__def92b93c0e3339f;err__clc_fce__62624c8119fdd361;err__clc_fce__5c294cf9221b70da,needs_review,CLC code targets word order. Compound CLC label preserves nested or overlapping source annotation; review before using as a single category.
review__error_skill_mapping_review__240c3015bb6b65a2,clc_fce,RV(DV),lexical_choice,clc_rv,ambiguous,21,,{},err__clc_fce__81009c98e4077f10;err__clc_fce__0b597b1ae5a7dbd3;err__clc_fce__7920df6a41992a78;err__clc_fce__c7d3ba15e6541608;err__clc_fce__3055163981da8947,needs_review,CLC replace-verb label may be lexical rather than grammatical form; keep pending review. Compound CLC label preserves nested or overlapping source annotation; review before using as a single category.
review__error_skill_mapping_review__6db650c81717277e,clc_fce,RY(DY),adjective_adverb,clc_ry,ambiguous,19,,{},err__clc_fce__f667da9e473601b6;err__clc_fce__f76776aec8981cd3;err__clc_fce__be29e705870ad945;err__clc_fce__87cc072b0b252185;err__clc_fce__21b64ecc417bf4d4,needs_review,CLC code targets adjective/adverb-class use. Compound CLC label preserves nested or overlapping source annotation; review before using as a single category.
review__error_skill_mapping_review__c84457ab2d837420,clc_fce,W(TV),word_order,clc_w,ambiguous,19,,{},err__clc_fce__af29f8a82b30bb6c;err__clc_fce__1eae043ad6b3ed2c;err__clc_fce__f54a6d52369e3c33;err__clc_fce__e1da28577ecf9d05;err__clc_fce__450de984dd1da26c,needs_review,CLC code targets word order. Compound CLC label preserves nested or overlapping source annotation; review before using as a single category.
review__error_skill_mapping_review__33f474b381ae4892,clc_fce,W(RT),word_order,clc_w,ambiguous,18,,{},err__clc_fce__d18d607a59ee85c7;err__clc_fce__8045375804870273;err__clc_fce__a2ee78044b6ebfe4;err__clc_fce__877571c1b7fc0a79;err__clc_fce__9415b645a5ad5717,needs_review,CLC code targets word order. Compound CLC label preserves nested or overlapping source annotation; review before using as a single category.
review__error_skill_mapping_review__2c0ebe5054b47259,clc_fce,W(RN),word_order,clc_w,ambiguous,16,,{},err__clc_fce__63de0676fe99c2d9;err__clc_fce__be29727c974b3bfa;err__clc_fce__077f717e46695b10;err__clc_fce__b4e890b160ca5498;err__clc_fce__ae9121a525c7453a,needs_review,CLC code targets word order. Compound CLC label preserves nested or overlapping source annotation; review before using as a single category.
review__error_skill_mapping_review__523f15424a7af916,clc_fce,AS(RV),sentence_structure,clc_as,ambiguous,15,,{},err__clc_fce__1bd02856417caded;err__clc_fce__bb52143a65524083;err__clc_fce__071afc803bd8c3fb;err__clc_fce__ba06cc7631b50477;err__clc_fce__d287dd8a7db26d1f,needs_review,CLC argument/sentence-structure label is broader than an atomic grammar skill. Compound CLC label preserves nested or overlapping source annotation; review before using as a single category.
review__error_skill_mapping_review__752c8785a67fffc6,clc_fce,RN(AGN),lexical_choice,clc_rn,ambiguous,15,,{},err__clc_fce__9df65200cfe2836c;err__clc_fce__01ab17e5bfaf39c5;err__clc_fce__aeedb4a827f568ad;err__clc_fce__303ea28f68ad0b5a;err__clc_fce__ccc5d5b80e30df5c,needs_review,CLC README defines RN as a replace-noun error. Compound CLC label preserves nested or overlapping source annotation; review before using as a single category.
review__error_skill_mapping_review__91b2940275d116a0,clc_fce,W(UT),word_order,clc_w,ambiguous,15,,{},err__clc_fce__4e68b1a9da99eb05;err__clc_fce__2f88487bc4883b60;err__clc_fce__2d0b3621f84ec828;err__clc_fce__fe92dcdee738468c;err__clc_fce__74921785db786336,needs_review,CLC code targets word order. Compound CLC label preserves nested or overlapping source annotation; review before using as a single category.
review__error_skill_mapping_review__07ab403796e36df6,clc_fce,W(MD),word_order,clc_w,ambiguous,14,,{},err__clc_fce__6825e9e3ec556334;err__clc_fce__b76f2ef558582add;err__clc_fce__b9b5db20864b0379;err__clc_fce__c95919e114003195;err__clc_fce__57094529f607a55b,needs_review,CLC code targets word order. Compound CLC label preserves nested or overlapping source annotation; review before using as a single category.
review__error_skill_mapping_review__7280d0c9de464e5d,clc_fce,RN(RP),lexical_choice,clc_rn,ambiguous,12,,{},err__clc_fce__ad365f2da035a3fb;err__clc_fce__22eb02b9f85d2592;err__clc_fce__2ffc8c89c00b40cf;err__clc_fce__c2a6d30829fcff3f;err__clc_fce__d85bdabe20a7f33b,needs_review,CLC README defines RN as a replace-noun error. Compound CLC label preserves nested or overlapping source annotation; review before using as a single category.
review__error_skill_mapping_review__b1c53f1eee1acfb6,clc_fce,RY(S),adjective_adverb,clc_ry,ambiguous,12,,{},err__clc_fce__264c28e2e2b2652e;err__clc_fce__f0b27b9193d182e1;err__clc_fce__d180e3ee123fabde;err__clc_fce__f8ac9599b6c3b983;err__clc_fce__9c11fa00f667f79d,needs_review,CLC code targets adjective/adverb-class use. Compound CLC label preserves nested or overlapping source annotation; review before using as a single category.
review__error_skill_mapping_review__556b6bd704a98187,clc_fce,W(MT),word_order,clc_w,ambiguous,12,,{},err__clc_fce__4e035f2b4d481627;err__clc_fce__42c10a82acd5b118;err__clc_fce__f56d2dfc7cc9ccb8;err__clc_fce__763b2756e1bbe894;err__clc_fce__23c264bfc93f5baa,needs_review,CLC code targets word order. Compound CLC label preserves nested or overlapping source annotation; review before using as a single category.
review__error_skill_mapping_review__ce57fc9d55358be4,clc_fce,FV(IV),verb_form,clc_fv,ambiguous,11,,{},err__clc_fce__dd8c65e9d7ebe9e7;err__clc_fce__3db7ae25fbcb3c55;err__clc_fce__bc8093163e64edcd;err__clc_fce__550e7e3bfc6676b7;err__clc_fce__7fd43636b340397b,needs_review,CLC code targets verb form. Compound CLC label preserves nested or overlapping source annotation; review before using as a single category.
review__error_skill_mapping_review__819aea4135ccdab9,clc_fce,ID(S),determiner,clc_id,ambiguous,11,,{},err__clc_fce__ff9a03a8a0de42dd;err__clc_fce__86e454f0580ff01f;err__clc_fce__e865c51fa3c1a48d;err__clc_fce__d22629352b4c9c73;err__clc_fce__5b1bf3d6fafafdf0,needs_review,CLC code targets determiner or quantifier use. Compound CLC label preserves nested or overlapping source annotation; review before using as a single category.
review__error_skill_mapping_review__ab3016783a4954e1,clc_fce,RA(RP),article,clc_ra,ambiguous,11,,{},err__clc_fce__d6fad0588b52da39;err__clc_fce__379d60340994e570;err__clc_fce__6a5bcacc96d9a1bd;err__clc_fce__0628c56366160ebc;err__clc_fce__bc06d4bd62d6c289,needs_review,CLC code targets article use. Compound CLC label preserves nested or overlapping source annotation; review before using as a single category.
review__error_skill_mapping_review__3bba0085112e5de6,clc_fce,RJ(DJ),adjective_adverb,clc_rj,ambiguous,11,,{},err__clc_fce__4297f487b1b80f89;err__clc_fce__140e5df1df097fd3;err__clc_fce__078929a4d13d4e32;err__clc_fce__50d3d8f415f55f30;err__clc_fce__66923514b07c0f6f,needs_review,CLC code targets adjective/adverb-class use. Compound CLC label preserves nested or overlapping source annotation; review before using as a single category.
review__error_skill_mapping_review__33ef6910e8ad0129,clc_fce,RN(DN),lexical_choice,clc_rn,ambiguous,11,,{},err__clc_fce__9e0991f6eccce9dd;err__clc_fce__3ef7b58c71f610fc;err__clc_fce__ad966abfa8672936;err__clc_fce__bda5ce18408f76d3;err__clc_fce__c981d332d5db31e1,needs_review,CLC README defines RN as a replace-noun error. Compound CLC label preserves nested or overlapping source annotation; review before using as a single category.
review__error_skill_mapping_review__dff7ae7129176207,clc_fce,RT(S),preposition,clc_rt,ambiguous,11,,{},err__clc_fce__0aeef9939d324e84;err__clc_fce__4ae7ecd224858a15;err__clc_fce__cb42073899838014;err__clc_fce__99ba1746cb6296d0;err__clc_fce__f83d5f0475af8ab8,needs_review,CLC code targets preposition use. Compound CLC label preserves nested or overlapping source annotation; review before using as a single category.
review__error_skill_mapping_review__132685a2300570b8,clc_fce,W(RJ),word_order,clc_w,ambiguous,11,,{},err__clc_fce__082ca4e0c21cd172;err__clc_fce__74eb4206e5635f7e;err__clc_fce__2c3c48839c963ebd;err__clc_fce__33fa5ab210598a7e;err__clc_fce__fe0d62b221090427,needs_review,CLC code targets word order. Compound CLC label preserves nested or overlapping source annotation; review before using as a single category.
review__error_skill_mapping_review__764c91b4ddfeb165,clc_fce,AGV(S),subject_verb_agreement,clc_agv,ambiguous,10,,{},err__clc_fce__3f661b9ddab3fb15;err__clc_fce__39913f69e87d1f0d;err__clc_fce__4ba8cd38bfb417d5;err__clc_fce__c53bca51f443c4ad;err__clc_fce__9bf2d0e9ed62e090,needs_review,CLC README defines AGV as a verb agreement error. Compound CLC label preserves nested or overlapping source annotation; review before using as a single category.
review__error_skill_mapping_review__2c45f8ba75229d8a,clc_fce,FN(RN),word_form,clc_fn,ambiguous,10,,{},err__clc_fce__ce62a8a20738a33a;err__clc_fce__5d030f2cf723bac7;err__clc_fce__2a6ecb1d93f7acfe;err__clc_fce__6706976e9f3ce982;err__clc_fce__88f4652127b9d070,needs_review,CLC README defines FN as a wrong noun-form error. Compound CLC label preserves nested or overlapping source annotation; review before using as a single category.
review__error_skill_mapping_review__de2ae16b9b7d4c73,clc_fce,R(RP),other,clc_r,ambiguous,10,,{},err__clc_fce__17cea19b9c6583a7;err__clc_fce__efbc6f667401c91f;err__clc_fce__fbda2b43843d99fa;err__clc_fce__6f019742bb16d6a9;err__clc_fce__64dec3c6ce3fef38,needs_review,CLC operation-only label lacks a word-class target. Compound CLC label preserves nested or overlapping source annotation; review before using as a single category.
review__error_skill_mapping_review__d503cd9a0ee60155,clc_fce,FN(RP),word_form,clc_fn,ambiguous,9,,{},err__clc_fce__847b998977f14c0c;err__clc_fce__6949301479fffcb6;err__clc_fce__b4eaa052948e53c8;err__clc_fce__ab9fb6451953fcbf;err__clc_fce__e9ec2dd030f7edfa,needs_review,CLC README defines FN as a wrong noun-form error. Compound CLC label preserves nested or overlapping source annotation; review before using as a single category.
review__error_skill_mapping_review__9dd15ad454b61e89,clc_fce,AGN(RN),noun_number,clc_agn,ambiguous,8,,{},err__clc_fce__c2e794ec27f86f4c;err__clc_fce__23461e6176ef6e5f;err__clc_fce__41115b25f0f21301;err__clc_fce__8af6e749d6b45fb2;err__clc_fce__1dc8c61bb5c64e4b,needs_review,CLC agreement label targets nouns; V1 treats it as noun-number/countability candidate. Compound CLC label preserves nested or overlapping source annotation; review before using as a single category.
review__error_skill_mapping_review__39b633aad53bec09,clc_fce,AGN(RP),noun_number,clc_agn,ambiguous,8,,{},err__clc_fce__f5ffd6ea6d6e7b13;err__clc_fce__2676ec00425a9d21;err__clc_fce__aaaf7fc4078ecf8c;err__clc_fce__483971094673cf30;err__clc_fce__044d831630983cf9,needs_review,CLC agreement label targets nouns; V1 treats it as noun-number/countability candidate. Compound CLC label preserves nested or overlapping source annotation; review before using as a single category.
review__error_skill_mapping_review__adf11788486815f8,clc_fce,DN(S),word_form,clc_dn,ambiguous,8,,{},err__clc_fce__3f4ef59f173b97fc;err__clc_fce__4dc23267f67ccce3;err__clc_fce__107681a8e29c3b06;err__clc_fce__d1aa109e0a3e9780;err__clc_fce__6b87bcb2f045e419,needs_review,CLC code targets noun form. Compound CLC label preserves nested or overlapping source annotation; review before using as a single category.
review__error_skill_mapping_review__62cd24c91bf35090,clc_fce,TV(SX),verb_tense,clc_tv,ambiguous,8,,{},err__clc_fce__ad4d3479f8340482;err__clc_fce__c755cbe1aefa1606;err__clc_fce__9a3c62992e83a863;err__clc_fce__bd5dd237e161bedb;err__clc_fce__b7e6fa923b0fbb9a,needs_review,CLC README defines TV as an incorrect tense-of-verb error. Compound CLC label preserves nested or overlapping source annotation; review before using as a single category.
review__error_skill_mapping_review__7c39884c8898de05,clc_fce,UP(S),punctuation,clc_up,ambiguous,8,,{},err__clc_fce__0d3fbfb1b3f856ce;err__clc_fce__22bbab65f62d2253;err__clc_fce__a62a559a7f0119d8;err__clc_fce__085f99876d4668fc;err__clc_fce__0b0bbb56e7f7bd17,needs_review,CLC code targets punctuation. Compound CLC label preserves nested or overlapping source annotation; review before using as a single category.
review__error_skill_mapping_review__3ced797c04c7a443,clc_fce,W(FV),word_order,clc_w,ambiguous,8,,{},err__clc_fce__0dc527ceec9114f3;err__clc_fce__0745ba298aa55c4b;err__clc_fce__64d5e4c76dc092b8;err__clc_fce__c9a947d750599c7a;err__clc_fce__c459fb07daf43e1f,needs_review,CLC code targets word order. Compound CLC label preserves nested or overlapping source annotation; review before using as a single category.
review__error_skill_mapping_review__e9b483f32640e4cd,clc_fce,W(SX),word_order,clc_w,ambiguous,8,,{},err__clc_fce__c10f0a06731eecfa;err__clc_fce__2fc9def2f9055c40;err__clc_fce__bf970b4573b5ae4d;err__clc_fce__5652e7d82bed6c8a;err__clc_fce__dde7b65676d3f3a6,needs_review,CLC code targets word order. Compound CLC label preserves nested or overlapping source annotation; review before using as a single category.
review__error_skill_mapping_review__37ddf197d257b9b9,clc_fce,AS(S),sentence_structure,clc_as,ambiguous,7,,{},err__clc_fce__6fbd4a7be82b7365;err__clc_fce__fc9a1012fe12ef05;err__clc_fce__499cd9736f862253;err__clc_fce__7eb2e0b030144caf;err__clc_fce__373127f8c00cbede,needs_review,CLC argument/sentence-structure label is broader than an atomic grammar skill. Compound CLC label preserves nested or overlapping source annotation; review before using as a single category.
review__error_skill_mapping_review__e7e41c6656310565,clc_fce,CN(RP),noun_number,clc_cn,ambiguous,7,,{},err__clc_fce__f45a601e32ac617a;err__clc_fce__85d2ed9a1a18cbf4;err__clc_fce__5360538f5380cdf3;err__clc_fce__e93587935968a12d;err__clc_fce__4f19ea3633987e70,needs_review,CLC noun countability label is compatible with noun-number/countability errors. Compound CLC label preserves nested or overlapping source annotation; review before using as a single category.
review__error_skill_mapping_review__e8e4301567efc73e,clc_fce,R(DN),other,clc_r,ambiguous,7,,{},err__clc_fce__fe8e5c18e07b7587;err__clc_fce__1514ef9804105f0d;err__clc_fce__11774a83bfef1bed;err__clc_fce__9d5193d8b0476bf8;err__clc_fce__99db5768323e38d9,needs_review,CLC operation-only label lacks a word-class target. Compound CLC label preserves nested or overlapping source annotation; review before using as a single category.
review__error_skill_mapping_review__cd0d2aefd96d2bd8,clc_fce,RJ(IJ),adjective_adverb,clc_rj,ambiguous,7,,{},err__clc_fce__12c7cedf0e97c769;err__clc_fce__e143ba5011dc6b23;err__clc_fce__0ab25e0c8b06f51c;err__clc_fce__d78ff6548bf505ce;err__clc_fce__0792c907c0e9b27b,needs_review,CLC code targets adjective/adverb-class use. Compound CLC label preserves nested or overlapping source annotation; review before using as a single category.
review__error_skill_mapping_review__a172b0e8f2715956,clc_fce,RN(CN),lexical_choice,clc_rn,ambiguous,7,,{},err__clc_fce__a04a374f1a28eb32;err__clc_fce__42923ab9872b56c9;err__clc_fce__440a4df5bd03ab5d;err__clc_fce__a9d5955ceff6b168;err__clc_fce__cf49b0ec47f6672c,needs_review,CLC README defines RN as a replace-noun error. Compound CLC label preserves nested or overlapping source annotation; review before using as a single category.
review__error_skill_mapping_review__6998b2869a47253c,clc_fce,RP(SX),punctuation,clc_rp,ambiguous,7,,{},err__clc_fce__554c7b2148c2e796;err__clc_fce__f952bc47c115ba71;err__clc_fce__203ae23a99b27580;err__clc_fce__0810a551526fc272;err__clc_fce__51388e7416f195f9,needs_review,CLC code targets punctuation. Compound CLC label preserves nested or overlapping source annotation; review before using as a single category.
review__error_skill_mapping_review__56e8ec2db375d292,clc_fce,W(R),word_order,clc_w,ambiguous,7,,{},err__clc_fce__d45f7e00c653b4e7;err__clc_fce__5fdaac4d8185eb05;err__clc_fce__9040cf9648386145;err__clc_fce__82bb55c10d83b7da;err__clc_fce__aa36255181edea75,needs_review,CLC code targets word order. Compound CLC label preserves nested or overlapping source annotation; review before using as a single category.
review__error_skill_mapping_review__42b71906ebd557cc,clc_fce,W(UD),word_order,clc_w,ambiguous,7,,{},err__clc_fce__9fba013d6f961641;err__clc_fce__91aead388d3e2941;err__clc_fce__d65b43854ce65557;err__clc_fce__5d7e740855b02b06;err__clc_fce__b97eb653efb5f4fc,needs_review,CLC code targets word order. Compound CLC label preserves nested or overlapping source annotation; review before using as a single category.
review__error_skill_mapping_review__1b35252929a2a780,clc_fce,AGN(DN),noun_number,clc_agn,ambiguous,6,,{},err__clc_fce__841939ee9073b58e;err__clc_fce__e9e477fc5c5ea60d;err__clc_fce__6d9cd65b5a093126;err__clc_fce__e396691def6bc635;err__clc_fce__f2e30ec99c2ba2b9,needs_review,CLC agreement label targets nouns; V1 treats it as noun-number/countability candidate. Compound CLC label preserves nested or overlapping source annotation; review before using as a single category.
review__error_skill_mapping_review__25bf6c71bfe8a22d,clc_fce,L(S),lexical_choice,clc_l,ambiguous,6,,{},err__clc_fce__c433ab78bfed6011;err__clc_fce__2dc15d627e624f1e;err__clc_fce__ed5bbf8bbe81a89d;err__clc_fce__59e1ab1db3497394;err__clc_fce__bc8d72bdaabb037d,needs_review,CLC lexical label is not safely reducible to a grammar skill. Compound CLC label preserves nested or overlapping source annotation; review before using as a single category.
review__error_skill_mapping_review__405699e3263fb906,clc_fce,MP(UC),punctuation,clc_mp,ambiguous,6,,{},err__clc_fce__23f0198b39b28395;err__clc_fce__b4ad137ec3b7c3e4;err__clc_fce__e7778dd61147b03b;err__clc_fce__db4a4791190f97aa;err__clc_fce__5795761c995b5171,needs_review,CLC code targets punctuation. Compound CLC label preserves nested or overlapping source annotation; review before using as a single category.
review__error_skill_mapping_review__39240d4c01e271ca,clc_fce,RV(TV(S)),lexical_choice,clc_rv,ambiguous,6,,{},err__clc_fce__efc577305b8522a0;err__clc_fce__f433edc81b2c6964;err__clc_fce__c8a48c080bf807a4;err__clc_fce__f0ba7a45b19c6ea0;err__clc_fce__5ed20be7d07495dd,needs_review,CLC replace-verb label may be lexical rather than grammatical form; keep pending review. Compound CLC label preserves nested or overlapping source annotation; review before using as a single category.
review__error_skill_mapping_review__2bf214292544f1db,clc_fce,TV(RP),verb_tense,clc_tv,ambiguous,6,,{},err__clc_fce__e675a77c8378a1e9;err__clc_fce__3ba846e3a4ecfeaf;err__clc_fce__dea0aa61b7d5b256;err__clc_fce__ab8d1468ec0c8004;err__clc_fce__87b86a56a51a7229,needs_review,CLC README defines TV as an incorrect tense-of-verb error. Compound CLC label preserves nested or overlapping source annotation; review before using as a single category.
review__error_skill_mapping_review__fc2aa932a6c02785,clc_fce,UV(RP),sentence_structure,clc_uv,ambiguous,6,,{},err__clc_fce__f5982428a550396c;err__clc_fce__d659dfb16053c8a7;err__clc_fce__11253fdec10997c1;err__clc_fce__bcf3ea08e5396799;err__clc_fce__edf5847979c9d43f,needs_review,CLC missing/unnecessary verb label affects clause structure; keep pending review. Compound CLC label preserves nested or overlapping source annotation; review before using as a single category.
review__error_skill_mapping_review__8f820751e0c02a42,clc_fce,W(AGN),word_order,clc_w,ambiguous,6,,{},err__clc_fce__238d5bceddff8265;err__clc_fce__56613905469dcb49;err__clc_fce__2ad0f35415415b92;err__clc_fce__d289639b7dba893f;err__clc_fce__11e84bfa33abd3c0,needs_review,CLC code targets word order. Compound CLC label preserves nested or overlapping source annotation; review before using as a single category.
review__error_skill_mapping_review__9836aa4c268fbf6f,clc_fce,W(AGV),word_order,clc_w,ambiguous,6,,{},err__clc_fce__2c18b58f81784c31;err__clc_fce__4a61722f3f059425;err__clc_fce__06e8c068eaf59262;err__clc_fce__82456fe212601598;err__clc_fce__54f6c904f62f4ce8,needs_review,CLC code targets word order. Compound CLC label preserves nested or overlapping source annotation; review before using as a single category.
review__error_skill_mapping_review__e9e717b0b6eaec88,clc_fce,W(MA),word_order,clc_w,ambiguous,6,,{},err__clc_fce__36035f39c06c1e99;err__clc_fce__6b442f24bd6e8e71;err__clc_fce__2a885f57df1e235a;err__clc_fce__c1b81fe7ca2e5fb9;err__clc_fce__2b851c69ff19a429,needs_review,CLC code targets word order. Compound CLC label preserves nested or overlapping source annotation; review before using as a single category.
review__error_skill_mapping_review__ff04b586041c8b5f,clc_fce,AGN(SX),noun_number,clc_agn,ambiguous,5,,{},err__clc_fce__f8cb963f0648711b;err__clc_fce__280e4d1ad67087a0;err__clc_fce__5fa514bf01cbbaec;err__clc_fce__7bc4cb8a9e36efbe;err__clc_fce__413ff49f4ed73232,needs_review,CLC agreement label targets nouns; V1 treats it as noun-number/countability candidate. Compound CLC label preserves nested or overlapping source annotation; review before using as a single category.
review__error_skill_mapping_review__775936437dec6d82,clc_fce,AS(MD),sentence_structure,clc_as,ambiguous,5,,{},err__clc_fce__106247e946be1a1e;err__clc_fce__a1fcee373ba9302d;err__clc_fce__508197ae2da1b32e;err__clc_fce__97ae793bb24adc4f;err__clc_fce__be4451284c7b95e2,needs_review,CLC argument/sentence-structure label is broader than an atomic grammar skill. Compound CLC label preserves nested or overlapping source annotation; review before using as a single category.
review__error_skill_mapping_review__8b5caaf74d3c2c99,clc_fce,AS(TV),sentence_structure,clc_as,ambiguous,5,,{},err__clc_fce__f1261d0b9ec48abb;err__clc_fce__696d32f02176ed4c;err__clc_fce__ee1eef35584db96e;err__clc_fce__7cd596ee690b0e93;err__clc_fce__8d3ec2f06a3d8149,needs_review,CLC argument/sentence-structure label is broader than an atomic grammar skill. Compound CLC label preserves nested or overlapping source annotation; review before using as a single category.
review__error_skill_mapping_review__7d054ac9167bd4b1,clc_fce,FV(SX),verb_form,clc_fv,ambiguous,5,,{},err__clc_fce__6a4d4740c4404cca;err__clc_fce__55de9cd9a53134e4;err__clc_fce__dc49a586b2201084;err__clc_fce__11945ee24e92c2ed;err__clc_fce__047436add66de266,needs_review,CLC code targets verb form. Compound CLC label preserves nested or overlapping source annotation; review before using as a single category.
review__error_skill_mapping_review__3650b18278f39f5c,clc_fce,RN(UP),lexical_choice,clc_rn,ambiguous,5,,{},err__clc_fce__33d7402baf886af5;err__clc_fce__d4766e8c39d27562;err__clc_fce__2e49ba3a9dd035db;err__clc_fce__9dcbde2e55e326d4;err__clc_fce__7a6a5747c513cc95,needs_review,CLC README defines RN as a replace-noun error. Compound CLC label preserves nested or overlapping source annotation; review before using as a single category.
review__error_skill_mapping_review__6827e2353ef38495,clc_fce,RP(SA),punctuation,clc_rp,ambiguous,5,,{},err__clc_fce__d7b4c68742e4901e;err__clc_fce__9bd1e262209883dc;err__clc_fce__c01268bc64a8e4c5;err__clc_fce__70438e67f30fcc02;err__clc_fce__9ea3f1b5ca520973,needs_review,CLC code targets punctuation. Compound CLC label preserves nested or overlapping source annotation; review before using as a single category.
review__error_skill_mapping_review__1b8d7cb4b67c069e,clc_fce,RT(RP),preposition,clc_rt,ambiguous,5,,{},err__clc_fce__0779bbc2fb79188b;err__clc_fce__05b46219155a7f6e;err__clc_fce__bdc2bacafe1f93b6;err__clc_fce__bf4610a61f592f86;err__clc_fce__42944c89688fedc4,needs_review,CLC code targets preposition use. Compound CLC label preserves nested or overlapping source annotation; review before using as a single category.
review__error_skill_mapping_review__ef2e766fee4a3f3d,clc_fce,RT(SX),preposition,clc_rt,ambiguous,5,,{},err__clc_fce__eac7d748bf3e468b;err__clc_fce__43052bb9d74c99c8;err__clc_fce__47c047d5a1b4baf3;err__clc_fce__20ddd6dae8aab0b0;err__clc_fce__461c5d83466d78ab,needs_review,CLC code targets preposition use. Compound CLC label preserves nested or overlapping source annotation; review before using as a single category.
review__error_skill_mapping_review__0fe1dccc3e717979,clc_fce,RV(SA),lexical_choice,clc_rv,ambiguous,5,,{},err__clc_fce__a1e27f6584e5253a;err__clc_fce__66278e4ea0bd2c10;err__clc_fce__0a198dcc43f9007e;err__clc_fce__6df79ecd93158b3a;err__clc_fce__6f1b865f79fcb92a,needs_review,CLC replace-verb label may be lexical rather than grammatical form; keep pending review. Compound CLC label preserves nested or overlapping source annotation; review before using as a single category.
review__error_skill_mapping_review__355e6684002da870,clc_fce,U(S),other,clc_u,ambiguous,5,,{},err__clc_fce__070f41d572da1578;err__clc_fce__11fe6e22336a4b13;err__clc_fce__6714fe008fb06fe2;err__clc_fce__ae90a960f706a25d;err__clc_fce__a95378d455d4e26a,needs_review,CLC operation-only label lacks a word-class target. Compound CLC label preserves nested or overlapping source annotation; review before using as a single category.
review__error_skill_mapping_review__fb71c78e91519d1e,clc_fce,W(DN),word_order,clc_w,ambiguous,5,,{},err__clc_fce__581765093c63b9c2;err__clc_fce__ea61b9b0ce8d5326;err__clc_fce__4fb92e8639365536;err__clc_fce__9019fa4e46939b86;err__clc_fce__f52dcb3dadfc8647,needs_review,CLC code targets word order. Compound CLC label preserves nested or overlapping source annotation; review before using as a single category.
review__error_skill_mapping_review__b4a0fbe3b8c50855,clc_fce,W(FN),word_order,clc_w,ambiguous,5,,{},err__clc_fce__c674ad62765b1c97;err__clc_fce__252f91559fc2a2a2;err__clc_fce__f431989af7ea0f98;err__clc_fce__a7ee74383e6cf254;err__clc_fce__466b597431296d55,needs_review,CLC code targets word order. Compound CLC label preserves nested or overlapping source annotation; review before using as a single category.
review__error_skill_mapping_review__e91edd34e19aaed6,clc_fce,W(IV),word_order,clc_w,ambiguous,5,,{},err__clc_fce__38e42ab1df7dba6c;err__clc_fce__31352e9db2998125;err__clc_fce__f2028ebf2870849d;err__clc_fce__b2196f91c8826d11;err__clc_fce__cea451b56d5279aa,needs_review,CLC code targets word order. Compound CLC label preserves nested or overlapping source annotation; review before using as a single category.
review__error_skill_mapping_review__d55ed5586eada275,clc_fce,W(UP),word_order,clc_w,ambiguous,5,,{},err__clc_fce__8da754d9eaf40eff;err__clc_fce__c36dc12fa8b53756;err__clc_fce__df7beacc7ac531ae;err__clc_fce__6d2b10181e32e06a;err__clc_fce__f69eb96f1deeefab,needs_review,CLC code targets word order. Compound CLC label preserves nested or overlapping source annotation; review before using as a single category.
review__error_skill_mapping_review__21bf6e0ccaac6bc0,clc_fce,DY(S),adjective_adverb,clc_dy,ambiguous,4,,{},err__clc_fce__2b7f951c488d46d5;err__clc_fce__9f7daa0fe743848b;err__clc_fce__7c1acccd6bf98bb0;err__clc_fce__c111ef7be257b1b0,needs_review,CLC code targets adjective/adverb-class use. Compound CLC label preserves nested or overlapping source annotation; review before using as a single category.
review__error_skill_mapping_review__e3d4de05be00f112,clc_fce,IJ(S),adjective_adverb,clc_ij,ambiguous,4,,{},err__clc_fce__81255e41cf9089de;err__clc_fce__9b397835b515006d;err__clc_fce__ab42df1fc7e12e53;err__clc_fce__7c5ba96137633b60,needs_review,CLC code targets adjective/adverb-class use. Compound CLC label preserves nested or overlapping source annotation; review before using as a single category.
review__error_skill_mapping_review__96b7a9b8ffff4873,clc_fce,R(IV),other,clc_r,ambiguous,4,,{},err__clc_fce__e2aaa9ce5e8af445;err__clc_fce__1dad5a6d689f1bc6;err__clc_fce__f5438f6aa8eea10f;err__clc_fce__4ac6ee50c2eace71,needs_review,CLC operation-only label lacks a word-class target. Compound CLC label preserves nested or overlapping source annotation; review before using as a single category.
review__error_skill_mapping_review__bdf9287bd0ca0820,clc_fce,RN(FN),lexical_choice,clc_rn,ambiguous,4,,{},err__clc_fce__6079d4644f607e85;err__clc_fce__ecc895bfad09e437;err__clc_fce__a339d499bc451ddb;err__clc_fce__78301164931783a7,needs_review,CLC README defines RN as a replace-noun error. Compound CLC label preserves nested or overlapping source annotation; review before using as a single category.
review__error_skill_mapping_review__bb345d958c3841bd,clc_fce,RP(RA),punctuation,clc_rp,ambiguous,4,,{},err__clc_fce__edc7bfe7374d3487;err__clc_fce__2335945e45c2bd55;err__clc_fce__37edb77876765dc2;err__clc_fce__7f3698283eca7433,needs_review,CLC code targets punctuation. Compound CLC label preserves nested or overlapping source annotation; review before using as a single category.
review__error_skill_mapping_review__92692e5cbf373c11,clc_fce,RP(RY),punctuation,clc_rp,ambiguous,4,,{},err__clc_fce__cf566d3e87989c15;err__clc_fce__c320ab17751d2d36;err__clc_fce__6d8196639de5619e;err__clc_fce__dc92912020526f7d,needs_review,CLC code targets punctuation. Compound CLC label preserves nested or overlapping source annotation; review before using as a single category.
review__error_skill_mapping_review__7a6d77a55f95f11c,clc_fce,TV(TV),verb_tense,clc_tv,ambiguous,4,,{},err__clc_fce__7d57f2b4272d9e5b;err__clc_fce__8f803b16d93d87c9;err__clc_fce__92fd6990bc50a7fc;err__clc_fce__74d46b06be415dab,needs_review,CLC README defines TV as an incorrect tense-of-verb error. Compound CLC label preserves nested or overlapping source annotation; review before using as a single category.
review__error_skill_mapping_review__b300b8c15cd4943e,clc_fce,UC(S),conjunction_clause,clc_uc,ambiguous,4,,{},err__clc_fce__d04f8b0f77f10b67;err__clc_fce__6b8e4cd9eec666eb;err__clc_fce__4a5700510f07a10c;err__clc_fce__d07afd2d8db55fe8,needs_review,CLC code targets a conjunction/clause-linking class; keep pending review. Compound CLC label preserves nested or overlapping source annotation; review before using as a single category.
review__error_skill_mapping_review__dd88c358f707fff8,clc_fce,W(DJ),word_order,clc_w,ambiguous,4,,{},err__clc_fce__aa7b9932a2ffd908;err__clc_fce__4f243172a7d3cc9f;err__clc_fce__26248a36d7e5ccb6;err__clc_fce__53790b64005753c3,needs_review,CLC code targets word order. Compound CLC label preserves nested or overlapping source annotation; review before using as a single category.
review__error_skill_mapping_review__512042ca27e50f46,clc_fce,AG,other,clc_ag,ambiguous,3,,{},err__clc_fce__193ecebd23628bd7;err__clc_fce__14cb130b2c67b267;err__clc_fce__186709850c933fc6,needs_review,CLC agreement label target is outside deterministic V1 categories.
review__error_skill_mapping_review__83c0f2e181405226,clc_fce,AS(IV),sentence_structure,clc_as,ambiguous,3,,{},err__clc_fce__d9ba60dcd576ce9f;err__clc_fce__90650da62034a409;err__clc_fce__62fe708acbca8a99,needs_review,CLC argument/sentence-structure label is broader than an atomic grammar skill. Compound CLC label preserves nested or overlapping source annotation; review before using as a single category.
review__error_skill_mapping_review__a57e4bc03dd957fa,clc_fce,AS(RP),sentence_structure,clc_as,ambiguous,3,,{},err__clc_fce__f1088b95269b4fa6;err__clc_fce__ddf3ed0cddc217b9;err__clc_fce__069c326ec04bb195,needs_review,CLC argument/sentence-structure label is broader than an atomic grammar skill. Compound CLC label preserves nested or overlapping source annotation; review before using as a single category.
review__error_skill_mapping_review__db36e06801136671,clc_fce,CN(S),noun_number,clc_cn,ambiguous,3,,{},err__clc_fce__e134ca976f016008;err__clc_fce__23f657fb19f8a0c1;err__clc_fce__4edb1b856cbb0755,needs_review,CLC noun countability label is compatible with noun-number/countability errors. Compound CLC label preserves nested or overlapping source annotation; review before using as a single category.
review__error_skill_mapping_review__acdb1e43cd40cd9d,clc_fce,FJ(S),adjective_adverb,clc_fj,ambiguous,3,,{},err__clc_fce__99a437fc481b5d86;err__clc_fce__eb9a0bcd8ebb044b;err__clc_fce__675856d4a112edd5,needs_review,CLC code targets adjective/adverb-class use. Compound CLC label preserves nested or overlapping source annotation; review before using as a single category.
review__error_skill_mapping_review__59e86c58eb0663db,clc_fce,FN(DN),word_form,clc_fn,ambiguous,3,,{},err__clc_fce__4aa06efc3385d8cb;err__clc_fce__429a1628aee536bf;err__clc_fce__2312af564bda9922,needs_review,CLC README defines FN as a wrong noun-form error. Compound CLC label preserves nested or overlapping source annotation; review before using as a single category.
review__error_skill_mapping_review__780188fdf8941bed,clc_fce,FN(IN),word_form,clc_fn,ambiguous,3,,{},err__clc_fce__76713637c9b7db51;err__clc_fce__bc05033f5c1077a5;err__clc_fce__db961273dfdbbd5e,needs_review,CLC README defines FN as a wrong noun-form error. Compound CLC label preserves nested or overlapping source annotation; review before using as a single category.
review__error_skill_mapping_review__570dd39fe153b3eb,clc_fce,FN(UP),word_form,clc_fn,ambiguous,3,,{},err__clc_fce__283a10bfed9f8cec;err__clc_fce__cbf5e73b44e0ed5f;err__clc_fce__203434493bf3b4cf,needs_review,CLC README defines FN as a wrong noun-form error. Compound CLC label preserves nested or overlapping source annotation; review before using as a single category.
review__error_skill_mapping_review__9b7098e197e4dbd5,clc_fce,FV(DV),verb_form,clc_fv,ambiguous,3,,{},err__clc_fce__8c117971f3eb0086;err__clc_fce__7fb825159aa6d12d;err__clc_fce__d07e86cc7195802b,needs_review,CLC code targets verb form. Compound CLC label preserves nested or overlapping source annotation; review before using as a single category.
review__error_skill_mapping_review__89e2ea18715b4250,clc_fce,MD(RP),determiner,clc_md,ambiguous,3,,{},err__clc_fce__2d208d147fbd9b1f;err__clc_fce__18f944022c633922;err__clc_fce__4b7787963a3ca746,needs_review,CLC README defines MD as a missing determiner error. Compound CLC label preserves nested or overlapping source annotation; review before using as a single category.
review__error_skill_mapping_review__358bf22c05f2501b,clc_fce,MD(UP),determiner,clc_md,ambiguous,3,,{},err__clc_fce__2987d49160fe353e;err__clc_fce__24b74a615e98c1c7;err__clc_fce__8379d49a480488f6,needs_review,CLC README defines MD as a missing determiner error. Compound CLC label preserves nested or overlapping source annotation; review before using as a single category.
review__error_skill_mapping_review__e7f7b315e6911439,clc_fce,MP(FN),punctuation,clc_mp,ambiguous,3,,{},err__clc_fce__1353c46682a46117;err__clc_fce__2a7fe7d7395162a2;err__clc_fce__48a1cd416c6859d8,needs_review,CLC code targets punctuation. Compound CLC label preserves nested or overlapping source annotation; review before using as a single category.
review__error_skill_mapping_review__f47a231a724d05ca,clc_fce,RJ(FJ),adjective_adverb,clc_rj,ambiguous,3,,{},err__clc_fce__1a0f49272c388b47;err__clc_fce__2c45ec907f87edfe;err__clc_fce__e81841a2e2a9077a,needs_review,CLC code targets adjective/adverb-class use. Compound CLC label preserves nested or overlapping source annotation; review before using as a single category.
review__error_skill_mapping_review__0b6116e2cbab6b16,clc_fce,RJ(SX),adjective_adverb,clc_rj,ambiguous,3,,{},err__clc_fce__8c97106b2ddbf822;err__clc_fce__76b37c4bf4c697f2;err__clc_fce__ea21d244699aa0b6,needs_review,CLC code targets adjective/adverb-class use. Compound CLC label preserves nested or overlapping source annotation; review before using as a single category.
review__error_skill_mapping_review__c482cb8d0115664c,clc_fce,RP(DY),punctuation,clc_rp,ambiguous,3,,{},err__clc_fce__34f78a2bee22ad1f;err__clc_fce__4d0a28d5d2549351;err__clc_fce__01f56ee8eb51fcc0,needs_review,CLC code targets punctuation. Compound CLC label preserves nested or overlapping source annotation; review before using as a single category.
review__error_skill_mapping_review__e0e69944eb1344b9,clc_fce,RP(FN),punctuation,clc_rp,ambiguous,3,,{},err__clc_fce__81540ed1cd09e658;err__clc_fce__235238e1567f5870;err__clc_fce__638f0c97dd968b54,needs_review,CLC code targets punctuation. Compound CLC label preserves nested or overlapping source annotation; review before using as a single category.
review__error_skill_mapping_review__318ca3d5ae91f997,clc_fce,RP(R),punctuation,clc_rp,ambiguous,3,,{},err__clc_fce__6ff4cd0f61dd8c6f;err__clc_fce__d731feb76c27a839;err__clc_fce__3977c90786f11a69,needs_review,CLC code targets punctuation. Compound CLC label preserves nested or overlapping source annotation; review before using as a single category.
review__error_skill_mapping_review__6fcb234ed020171f,clc_fce,RP(RN),punctuation,clc_rp,ambiguous,3,,{},err__clc_fce__b4b4c7789b2ce1c1;err__clc_fce__4f89a1dc6dbdc8ce;err__clc_fce__a2038a947edda692,needs_review,CLC code targets punctuation. Compound CLC label preserves nested or overlapping source annotation; review before using as a single category.
review__error_skill_mapping_review__ab03a33d0d876218,clc_fce,RQ(S),determiner,clc_rq,ambiguous,3,,{},err__clc_fce__44355a5f353891dc;err__clc_fce__dfe7d00a9325ad57;err__clc_fce__9ce8f24ec238c915,needs_review,CLC code targets determiner or quantifier use. Compound CLC label preserves nested or overlapping source annotation; review before using as a single category.
review__error_skill_mapping_review__1ec1ebe100736bee,clc_fce,RT(RT),preposition,clc_rt,ambiguous,3,,{},err__clc_fce__82515b1ac0a26152;err__clc_fce__92bbaac2e06fe2b2;err__clc_fce__794b745d4a09a0fa,needs_review,CLC code targets preposition use. Compound CLC label preserves nested or overlapping source annotation; review before using as a single category.
review__error_skill_mapping_review__1d0e84ac504fdb65,clc_fce,RV(RP),lexical_choice,clc_rv,ambiguous,3,,{},err__clc_fce__192598bad6c750ec;err__clc_fce__b84da07021f6c916;err__clc_fce__829ee15691df1f50,needs_review,CLC replace-verb label may be lexical rather than grammatical form; keep pending review. Compound CLC label preserves nested or overlapping source annotation; review before using as a single category.
review__error_skill_mapping_review__1732ec675a5c2629,clc_fce,RV(RV),lexical_choice,clc_rv,ambiguous,3,,{},err__clc_fce__8e6ae43b343a2a42;err__clc_fce__0cc967620b00c09e;err__clc_fce__b9a4f7de16130db8,needs_review,CLC replace-verb label may be lexical rather than grammatical form; keep pending review. Compound CLC label preserves nested or overlapping source annotation; review before using as a single category.
review__error_skill_mapping_review__c425b564044badd4,clc_fce,RY(SX),adjective_adverb,clc_ry,ambiguous,3,,{},err__clc_fce__1702f175381c63e6;err__clc_fce__7b0eede4e66bd8f4;err__clc_fce__a7cf65b09c352bd1,needs_review,CLC code targets adjective/adverb-class use. Compound CLC label preserves nested or overlapping source annotation; review before using as a single category.
review__error_skill_mapping_review__e5c84540277cd0b5,clc_fce,TV(DV),verb_tense,clc_tv,ambiguous,3,,{},err__clc_fce__c7b1c4eeb461efcb;err__clc_fce__27e9bb1ebd92b3b0;err__clc_fce__bab1f84d244e4c92,needs_review,CLC README defines TV as an incorrect tense-of-verb error. Compound CLC label preserves nested or overlapping source annotation; review before using as a single category.
review__error_skill_mapping_review__2a4b49e8495f4125,clc_fce,TV(UP),verb_tense,clc_tv,ambiguous,3,,{},err__clc_fce__42d6386cf59bea25;err__clc_fce__2410af541b724eb0;err__clc_fce__b37306966c1351c8,needs_review,CLC README defines TV as an incorrect tense-of-verb error. Compound CLC label preserves nested or overlapping source annotation; review before using as a single category.
review__error_skill_mapping_review__317176e14d8ad4ac,clc_fce,UD(S),determiner,clc_ud,ambiguous,3,,{},err__clc_fce__41db0eb5a8e7f2cb;err__clc_fce__4c88e28c4a0dd91d;err__clc_fce__7e6788d53acdd464,needs_review,CLC code targets determiner or quantifier use. Compound CLC label preserves nested or overlapping source annotation; review before using as a single category.
review__error_skill_mapping_review__869aef80212e9c15,clc_fce,UN(AGN),other,clc_un,ambiguous,3,,{},err__clc_fce__8ddb0f7c09969d9d;err__clc_fce__9791c8cf1a8a096c;err__clc_fce__35b40e78073d8358,needs_review,CLC noun-class operation is too broad for a V1 grammar category. Compound CLC label preserves nested or overlapping source annotation; review before using as a single category.
review__error_skill_mapping_review__3eecb590ce78b4c2,clc_fce,UN(S),other,clc_un,ambiguous,3,,{},err__clc_fce__4f4d8afe3218976e;err__clc_fce__34055a2eb517a195;err__clc_fce__aa4287c9c6182d4c,needs_review,CLC noun-class operation is too broad for a V1 grammar category. Compound CLC label preserves nested or overlapping source annotation; review before using as a single category.
review__error_skill_mapping_review__ca64f3d01c21e868,clc_fce,W(MP),word_order,clc_w,ambiguous,3,,{},err__clc_fce__fe22cc8071b30346;err__clc_fce__2fcbb79fac5a791c;err__clc_fce__45e832957a3977bf,needs_review,CLC code targets word order. Compound CLC label preserves nested or overlapping source annotation; review before using as a single category.
review__error_skill_mapping_review__ec31779751c109f9,clc_fce,W(RA),word_order,clc_w,ambiguous,3,,{},err__clc_fce__37f1d137097b327c;err__clc_fce__50bbd5b8fd9288ae;err__clc_fce__817e3f4c6007d8e9,needs_review,CLC code targets word order. Compound CLC label preserves nested or overlapping source annotation; review before using as a single category.
review__error_skill_mapping_review__ddee856d362c2308,clc_fce,W(RQ),word_order,clc_w,ambiguous,3,,{},err__clc_fce__72af28cf2df062f5;err__clc_fce__78808d6b08eeea7a;err__clc_fce__450b35aed9c6eb72,needs_review,CLC code targets word order. Compound CLC label preserves nested or overlapping source annotation; review before using as a single category.
review__error_skill_mapping_review__f53aedc2e4a17637,clc_fce,W(S)(S),word_order,clc_w,ambiguous,3,,{},err__clc_fce__8809298891080eba;err__clc_fce__8686a8360d7d351c;err__clc_fce__d89196224092d5f9,needs_review,CLC code targets word order. Compound CLC label preserves nested or overlapping source annotation; review before using as a single category.
review__error_skill_mapping_review__5cb40047178c2c2f,clc_fce,X(RV),other,clc_x,ambiguous,3,,{},err__clc_fce__86ba459020cb4a0e;err__clc_fce__962b34cf93e9bd1c;err__clc_fce__1aee268f65aa1a94,needs_review,CLC miscellaneous label is intentionally held for review. Compound CLC label preserves nested or overlapping source annotation; review before using as a single category.
review__error_skill_mapping_review__a08fef7eb70159f8,clc_fce,AGV(DV),subject_verb_agreement,clc_agv,ambiguous,2,,{},err__clc_fce__60316a5a50abfb3e;err__clc_fce__67626135ab796293,needs_review,CLC README defines AGV as a verb agreement error. Compound CLC label preserves nested or overlapping source annotation; review before using as a single category.
review__error_skill_mapping_review__7cdd088f2670b696,clc_fce,AGV(RA),subject_verb_agreement,clc_agv,ambiguous,2,,{},err__clc_fce__3ea4e98fb41281f9;err__clc_fce__6c932a2bfc8c5520,needs_review,CLC README defines AGV as a verb agreement error. Compound CLC label preserves nested or overlapping source annotation; review before using as a single category.
review__error_skill_mapping_review__ac949c58d6074e62,clc_fce,AGV(RV),subject_verb_agreement,clc_agv,ambiguous,2,,{},err__clc_fce__29f54b952e014a5a;err__clc_fce__1aa1cbba82088fe4,needs_review,CLC README defines AGV as a verb agreement error. Compound CLC label preserves nested or overlapping source annotation; review before using as a single category.
review__error_skill_mapping_review__612d61044afbe057,clc_fce,AS(AGV),sentence_structure,clc_as,ambiguous,2,,{},err__clc_fce__1d3be2e55a1ffc11;err__clc_fce__b02288072e247af5,needs_review,CLC argument/sentence-structure label is broader than an atomic grammar skill. Compound CLC label preserves nested or overlapping source annotation; review before using as a single category.
review__error_skill_mapping_review__21714f07bcf0cd94,clc_fce,AS(RD),sentence_structure,clc_as,ambiguous,2,,{},err__clc_fce__ecc8940c985f0503;err__clc_fce__4ec985d7bc99d8bb,needs_review,CLC argument/sentence-structure label is broader than an atomic grammar skill. Compound CLC label preserves nested or overlapping source annotation; review before using as a single category.
review__error_skill_mapping_review__e1050f143b512a6d,clc_fce,AS(RY),sentence_structure,clc_as,ambiguous,2,,{},err__clc_fce__81da5f025875a8aa;err__clc_fce__bb0dcfd7a1043bc1,needs_review,CLC argument/sentence-structure label is broader than an atomic grammar skill. Compound CLC label preserves nested or overlapping source annotation; review before using as a single category.
review__error_skill_mapping_review__04b344df08ac921c,clc_fce,AS(S)(S),sentence_structure,clc_as,ambiguous,2,,{},err__clc_fce__876a9645500fe418;err__clc_fce__c82843cf4ba322d0,needs_review,CLC argument/sentence-structure label is broader than an atomic grammar skill. Compound CLC label preserves nested or overlapping source annotation; review before using as a single category.
review__error_skill_mapping_review__be43012c744ecfd1,clc_fce,CE(S),noun_number,clc_ce,ambiguous,2,,{},err__clc_fce__350a2e0a5957c4a2;err__clc_fce__9cec91936ab5c9e0,needs_review,CLC countability label is compatible with noun-number/countability errors. Compound CLC label preserves nested or overlapping source annotation; review before using as a single category.
review__error_skill_mapping_review__efc5bb6f35fe9888,clc_fce,DJ(RN),adjective_adverb,clc_dj,ambiguous,2,,{},err__clc_fce__b2ce471f2dda4e26;err__clc_fce__403cf439401fd9d9,needs_review,CLC code targets adjective/adverb-class use. Compound CLC label preserves nested or overlapping source annotation; review before using as a single category.
review__error_skill_mapping_review__49ef63e6cc54fe20,clc_fce,DN(S)(SA),word_form,clc_dn,ambiguous,2,,{},err__clc_fce__3f244630acd6e207;err__clc_fce__cf0f9c82b9f1c4bf,needs_review,CLC code targets noun form. Compound CLC label preserves nested or overlapping source annotation; review before using as a single category.
review__error_skill_mapping_review__7fabe74fdd54fff2,clc_fce,DV(S),verb_form,clc_dv,ambiguous,2,,{},err__clc_fce__abb1d9d30e766043;err__clc_fce__f5e26e527456dcf0,needs_review,CLC code targets verb form. Compound CLC label preserves nested or overlapping source annotation; review before using as a single category.
review__error_skill_mapping_review__c97158f7a4705f8f,clc_fce,FJ(RJ),adjective_adverb,clc_fj,ambiguous,2,,{},err__clc_fce__fde1a01da40ff273;err__clc_fce__c93f12f03f4c050a,needs_review,CLC code targets adjective/adverb-class use. Compound CLC label preserves nested or overlapping source annotation; review before using as a single category.
review__error_skill_mapping_review__d2649aa81cd7fd7c,clc_fce,FN(SX),word_form,clc_fn,ambiguous,2,,{},err__clc_fce__af2d5f38041f9f96;err__clc_fce__6aab4f8159fd9545,needs_review,CLC README defines FN as a wrong noun-form error. Compound CLC label preserves nested or overlapping source annotation; review before using as a single category.
review__error_skill_mapping_review__8fd2665353b82812,clc_fce,IA(RP),article,clc_ia,ambiguous,2,,{},err__clc_fce__2232e8dfa8d0559b;err__clc_fce__8b57a1810061bd7d,needs_review,CLC code targets article use. Compound CLC label preserves nested or overlapping source annotation; review before using as a single category.
review__error_skill_mapping_review__624440bc54aa3ab7,clc_fce,ID(AGN),determiner,clc_id,ambiguous,2,,{},err__clc_fce__d34100ff3912e26c;err__clc_fce__8ca78fa0ca6d745b,needs_review,CLC code targets determiner or quantifier use. Compound CLC label preserves nested or overlapping source annotation; review before using as a single category.
review__error_skill_mapping_review__117237cf815f246c,clc_fce,ID(RP),determiner,clc_id,ambiguous,2,,{},err__clc_fce__8baf4a8b5836d01d;err__clc_fce__673444e29939eca5,needs_review,CLC code targets determiner or quantifier use. Compound CLC label preserves nested or overlapping source annotation; review before using as a single category.
review__error_skill_mapping_review__83e6aad42f7f745b,clc_fce,ID(UT),determiner,clc_id,ambiguous,2,,{},err__clc_fce__4ced1ad419cfcd6d;err__clc_fce__5af215322aa8c540,needs_review,CLC code targets determiner or quantifier use. Compound CLC label preserves nested or overlapping source annotation; review before using as a single category.
review__error_skill_mapping_review__006e9c3417914c51,clc_fce,L(AGN),lexical_choice,clc_l,ambiguous,2,,{},err__clc_fce__9f9937c1911fea23;err__clc_fce__72a5b9ffd1101686,needs_review,CLC lexical label is not safely reducible to a grammar skill. Compound CLC label preserves nested or overlapping source annotation; review before using as a single category.
review__error_skill_mapping_review__7703de619fdfd00c,clc_fce,L(DA),lexical_choice,clc_l,ambiguous,2,,{},err__clc_fce__caa4b57d8b4b69be;err__clc_fce__809fd3187dd9987d,needs_review,CLC lexical label is not safely reducible to a grammar skill. Compound CLC label preserves nested or overlapping source annotation; review before using as a single category.
review__error_skill_mapping_review__b9146d6cac8f5d29,clc_fce,L(FN),lexical_choice,clc_l,ambiguous,2,,{},err__clc_fce__839631b96186b89e;err__clc_fce__780eb2acca916163,needs_review,CLC lexical label is not safely reducible to a grammar skill. Compound CLC label preserves nested or overlapping source annotation; review before using as a single category.
review__error_skill_mapping_review__e7c7492828c072c2,clc_fce,L(SX),lexical_choice,clc_l,ambiguous,2,,{},err__clc_fce__de290f5e0f6e4d76;err__clc_fce__c689537e0740ee12,needs_review,CLC lexical label is not safely reducible to a grammar skill. Compound CLC label preserves nested or overlapping source annotation; review before using as a single category.
review__error_skill_mapping_review__fa69edfbee692017,clc_fce,MD(S),determiner,clc_md,ambiguous,2,,{},err__clc_fce__977974c3287dbdd0;err__clc_fce__a8ea5096f84fa476,needs_review,CLC README defines MD as a missing determiner error. Compound CLC label preserves nested or overlapping source annotation; review before using as a single category.
review__error_skill_mapping_review__8d9eda88014dbda2,clc_fce,MP(AGN),punctuation,clc_mp,ambiguous,2,,{},err__clc_fce__7cf27dd3bde72c81;err__clc_fce__fb004fd98797e713,needs_review,CLC code targets punctuation. Compound CLC label preserves nested or overlapping source annotation; review before using as a single category.
review__error_skill_mapping_review__ee659ba0676d0463,clc_fce,MP(DJ),punctuation,clc_mp,ambiguous,2,,{},err__clc_fce__47d765fae9df1c15;err__clc_fce__dfe3a1406ae7ceb4,needs_review,CLC code targets punctuation. Compound CLC label preserves nested or overlapping source annotation; review before using as a single category.
review__error_skill_mapping_review__8fd495896ecede81,clc_fce,MP(DY),punctuation,clc_mp,ambiguous,2,,{},err__clc_fce__f8af5f2732ca9bd0;err__clc_fce__8990d44eba890a19,needs_review,CLC code targets punctuation. Compound CLC label preserves nested or overlapping source annotation; review before using as a single category.
review__error_skill_mapping_review__7431f97ea42b26e8,clc_fce,MP(IJ),punctuation,clc_mp,ambiguous,2,,{},err__clc_fce__b9587347bc7b90d5;err__clc_fce__49a122df6ba446f7,needs_review,CLC code targets punctuation. Compound CLC label preserves nested or overlapping source annotation; review before using as a single category.
review__error_skill_mapping_review__2141b4b06dbfe413,clc_fce,MP(RT),punctuation,clc_mp,ambiguous,2,,{},err__clc_fce__a5302fb861677905;err__clc_fce__fe055ab1abaf61ca,needs_review,CLC code targets punctuation. Compound CLC label preserves nested or overlapping source annotation; review before using as a single category.
review__error_skill_mapping_review__32ff3ecb4ace405f,clc_fce,R(AGV),other,clc_r,ambiguous,2,,{},err__clc_fce__bfb6acbd457a9870;err__clc_fce__2d13bc0e25586632,needs_review,CLC operation-only label lacks a word-class target. Compound CLC label preserves nested or overlapping source annotation; review before using as a single category.
review__error_skill_mapping_review__99e486e624772e88,clc_fce,R(DY),other,clc_r,ambiguous,2,,{},err__clc_fce__2c3708697f3c1b5b;err__clc_fce__b15b61217e796dfd,needs_review,CLC operation-only label lacks a word-class target. Compound CLC label preserves nested or overlapping source annotation; review before using as a single category.
review__error_skill_mapping_review__5f0d30bd18194230,clc_fce,R(MD),other,clc_r,ambiguous,2,,{},err__clc_fce__cb79ec97ff92a4ce;err__clc_fce__e8ca3c317da6f5dd,needs_review,CLC operation-only label lacks a word-class target. Compound CLC label preserves nested or overlapping source annotation; review before using as a single category.
review__error_skill_mapping_review__29d7000cd710a925,clc_fce,R(MP),other,clc_r,ambiguous,2,,{},err__clc_fce__4e0b4b858b10796d;err__clc_fce__3036485c916e60e3,needs_review,CLC operation-only label lacks a word-class target. Compound CLC label preserves nested or overlapping source annotation; review before using as a single category.
review__error_skill_mapping_review__99e86b372552bfd3,clc_fce,R(SX),other,clc_r,ambiguous,2,,{},err__clc_fce__30d232b506dceaa6;err__clc_fce__c7a79dd88d43e1f2,needs_review,CLC operation-only label lacks a word-class target. Compound CLC label preserves nested or overlapping source annotation; review before using as a single category.
review__error_skill_mapping_review__ee0aac6386d43857,clc_fce,RA(DA),article,clc_ra,ambiguous,2,,{},err__clc_fce__e5674b66bac029b3;err__clc_fce__b6bf832c7f49939f,needs_review,CLC code targets article use. Compound CLC label preserves nested or overlapping source annotation; review before using as a single category.
review__error_skill_mapping_review__e357d170ceca7cae,clc_fce,RD(FD),determiner,clc_rd,ambiguous,2,,{},err__clc_fce__19a9ebd2676d3aef;err__clc_fce__6e6b34581142da21,needs_review,CLC code targets determiner or quantifier use. Compound CLC label preserves nested or overlapping source annotation; review before using as a single category.
review__error_skill_mapping_review__1abd61fc7e15e86b,clc_fce,RD(RP),determiner,clc_rd,ambiguous,2,,{},err__clc_fce__5a3f30678a6af11f;err__clc_fce__b717e378c1b69a58,needs_review,CLC code targets determiner or quantifier use. Compound CLC label preserves nested or overlapping source annotation; review before using as a single category.
review__error_skill_mapping_review__81df6db0ea474204,clc_fce,RJ(RP),adjective_adverb,clc_rj,ambiguous,2,,{},err__clc_fce__6fac5f12f7b62e94;err__clc_fce__58c5b337de5525d1,needs_review,CLC code targets adjective/adverb-class use. Compound CLC label preserves nested or overlapping source annotation; review before using as a single category.
review__error_skill_mapping_review__d75486d6246c283d,clc_fce,RJ(UP),adjective_adverb,clc_rj,ambiguous,2,,{},err__clc_fce__48aac7f0b15a9500;err__clc_fce__6334e2d758a114fb,needs_review,CLC code targets adjective/adverb-class use. Compound CLC label preserves nested or overlapping source annotation; review before using as a single category.
review__error_skill_mapping_review__fba50da86297bfce,clc_fce,RN(SX),lexical_choice,clc_rn,ambiguous,2,,{},err__clc_fce__f5088765ca75b673;err__clc_fce__0a6c581b1c343c77,needs_review,CLC README defines RN as a replace-noun error. Compound CLC label preserves nested or overlapping source annotation; review before using as a single category.
review__error_skill_mapping_review__7ec85522c5f3f55f,clc_fce,RP(DA),punctuation,clc_rp,ambiguous,2,,{},err__clc_fce__04149567237247af;err__clc_fce__e9af357a18b7be0c,needs_review,CLC code targets punctuation. Compound CLC label preserves nested or overlapping source annotation; review before using as a single category.
review__error_skill_mapping_review__c18c7fe7aeecd546,clc_fce,RP(FV),punctuation,clc_rp,ambiguous,2,,{},err__clc_fce__0d8f7a938218d3eb;err__clc_fce__df22a5ae4369588e,needs_review,CLC code targets punctuation. Compound CLC label preserves nested or overlapping source annotation; review before using as a single category.
review__error_skill_mapping_review__4309afc70bac45a9,clc_fce,RP(MA),punctuation,clc_rp,ambiguous,2,,{},err__clc_fce__980458b7d128d703;err__clc_fce__1ff93fc89109a5ce,needs_review,CLC code targets punctuation. Compound CLC label preserves nested or overlapping source annotation; review before using as a single category.
review__error_skill_mapping_review__421106c9daca0014,clc_fce,RP(MD),punctuation,clc_rp,ambiguous,2,,{},err__clc_fce__9ba9ec6aae3bd5ad;err__clc_fce__6afbf77303ac9744,needs_review,CLC code targets punctuation. Compound CLC label preserves nested or overlapping source annotation; review before using as a single category.
review__error_skill_mapping_review__c3ed5d246cb4ff7e,clc_fce,RP(RP),punctuation,clc_rp,ambiguous,2,,{},err__clc_fce__9d95b72b09f15029;err__clc_fce__5d277cd143d2e3b2,needs_review,CLC code targets punctuation. Compound CLC label preserves nested or overlapping source annotation; review before using as a single category.
review__error_skill_mapping_review__b17009d99640f127,clc_fce,RP(RT),punctuation,clc_rp,ambiguous,2,,{},err__clc_fce__809a782ba021cf70;err__clc_fce__b5b9e11737cfb080,needs_review,CLC code targets punctuation. Compound CLC label preserves nested or overlapping source annotation; review before using as a single category.
review__error_skill_mapping_review__19ab10df8db9bcfc,clc_fce,RY(RP),adjective_adverb,clc_ry,ambiguous,2,,{},err__clc_fce__1bad6de5d9ca0032;err__clc_fce__b2bc45f2214233d0,needs_review,CLC code targets adjective/adverb-class use. Compound CLC label preserves nested or overlapping source annotation; review before using as a single category.
review__error_skill_mapping_review__2abcf65a7b5ac275,clc_fce,SX(S),sentence_structure,clc_sx,ambiguous,2,,{},err__clc_fce__13e11614bbad056a;err__clc_fce__738d1627fa31d24c,needs_review,CLC sentence-level label is broader than a deterministic V1 grammar category. Compound CLC label preserves nested or overlapping source annotation; review before using as a single category.
review__error_skill_mapping_review__97cc6b8cfa491a62,clc_fce,TV(RV(S)),verb_tense,clc_tv,ambiguous,2,,{},err__clc_fce__265d817fb621e36c;err__clc_fce__af8f691bebc0041d,needs_review,CLC README defines TV as an incorrect tense-of-verb error. Compound CLC label preserves nested or overlapping source annotation; review before using as a single category.
review__error_skill_mapping_review__823e679833128d5c,clc_fce,TV(UV),verb_tense,clc_tv,ambiguous,2,,{},err__clc_fce__1356e69bed8dd8cb;err__clc_fce__f9b81aeb3c2f1f7b,needs_review,CLC README defines TV as an incorrect tense-of-verb error. Compound CLC label preserves nested or overlapping source annotation; review before using as a single category.
review__error_skill_mapping_review__23e39c26c25a8e3b,clc_fce,TV(W),verb_tense,clc_tv,ambiguous,2,,{},err__clc_fce__f8b90272c6b9f49b;err__clc_fce__c671af7cdea7aeeb,needs_review,CLC README defines TV as an incorrect tense-of-verb error. Compound CLC label preserves nested or overlapping source annotation; review before using as a single category.
review__error_skill_mapping_review__82c9961a4b91c1d3,clc_fce,U(TV),other,clc_u,ambiguous,2,,{},err__clc_fce__6fe0624cd49ac5fc;err__clc_fce__e2dbc1a56ff82247,needs_review,CLC operation-only label lacks a word-class target. Compound CLC label preserves nested or overlapping source annotation; review before using as a single category.
review__error_skill_mapping_review__92be5ccd0f918d8a,clc_fce,UD(DN),determiner,clc_ud,ambiguous,2,,{},err__clc_fce__0c0aa9cbc824f8e8;err__clc_fce__530883803908ed57,needs_review,CLC code targets determiner or quantifier use. Compound CLC label preserves nested or overlapping source annotation; review before using as a single category.
review__error_skill_mapping_review__27399f029e638ef1,clc_fce,UD(FD),determiner,clc_ud,ambiguous,2,,{},err__clc_fce__aa89d09ba408539d;err__clc_fce__9c1ff8781b3c090a,needs_review,CLC code targets determiner or quantifier use. Compound CLC label preserves nested or overlapping source annotation; review before using as a single category.
review__error_skill_mapping_review__543e872a27af0395,clc_fce,UD(RN),determiner,clc_ud,ambiguous,2,,{},err__clc_fce__701bddaa9bd75eda;err__clc_fce__4e2b6fc98442d70c,needs_review,CLC code targets determiner or quantifier use. Compound CLC label preserves nested or overlapping source annotation; review before using as a single category.
review__error_skill_mapping_review__c80e723f9ab44813,clc_fce,UY(RP),adjective_adverb,clc_uy,ambiguous,2,,{},err__clc_fce__b484b9256356d616;err__clc_fce__8ccf7ced6b667513,needs_review,CLC code targets adjective/adverb-class use. Compound CLC label preserves nested or overlapping source annotation; review before using as a single category.
review__error_skill_mapping_review__72dd0a74b0e8e29d,clc_fce,UY(S),adjective_adverb,clc_uy,ambiguous,2,,{},err__clc_fce__b2dd455bc26ae3e5;err__clc_fce__4ece352f4dcf6ee5,needs_review,CLC code targets adjective/adverb-class use. Compound CLC label preserves nested or overlapping source annotation; review before using as a single category.
review__error_skill_mapping_review__e0816af973baa422,clc_fce,UY(SX),adjective_adverb,clc_uy,ambiguous,2,,{},err__clc_fce__d95131393257e3de;err__clc_fce__166947f489f4c1c6,needs_review,CLC code targets adjective/adverb-class use. Compound CLC label preserves nested or overlapping source annotation; review before using as a single category.
review__error_skill_mapping_review__22a05283275f9c47,clc_fce,W(AGD),word_order,clc_w,ambiguous,2,,{},err__clc_fce__7ace75b9f285311e;err__clc_fce__64f5284f6104720d,needs_review,CLC code targets word order. Compound CLC label preserves nested or overlapping source annotation; review before using as a single category.
review__error_skill_mapping_review__45614abb3612fada,clc_fce,W(DD),word_order,clc_w,ambiguous,2,,{},err__clc_fce__d5a1d3061191187d;err__clc_fce__3e7c461ea9089168,needs_review,CLC code targets word order. Compound CLC label preserves nested or overlapping source annotation; review before using as a single category.
review__error_skill_mapping_review__3846cdfb9ae66e0d,clc_fce,W(MD)(AGN),word_order,clc_w,ambiguous,2,,{},err__clc_fce__ea1c4623680c9fbb;err__clc_fce__36bc58f559be5d2f,needs_review,CLC code targets word order. Compound CLC label preserves nested or overlapping source annotation; review before using as a single category.
review__error_skill_mapping_review__09dd25d6301cede2,clc_fce,W(MY),word_order,clc_w,ambiguous,2,,{},err__clc_fce__bdb15007c297b3ca;err__clc_fce__58f7dc824596f211,needs_review,CLC code targets word order. Compound CLC label preserves nested or overlapping source annotation; review before using as a single category.
review__error_skill_mapping_review__5c7a10261e1ce6a9,clc_fce,W(RD),word_order,clc_w,ambiguous,2,,{},err__clc_fce__07c2ac4363e6c02f;err__clc_fce__5ef684fc696f6ea7,needs_review,CLC code targets word order. Compound CLC label preserves nested or overlapping source annotation; review before using as a single category.
review__error_skill_mapping_review__4dd6a510e6a0c51b,clc_fce,W(RJ(DJ)),word_order,clc_w,ambiguous,2,,{},err__clc_fce__7bc7efbf9da9bcfd;err__clc_fce__e098f6ef69bafdd2,needs_review,CLC code targets word order. Compound CLC label preserves nested or overlapping source annotation; review before using as a single category.
review__error_skill_mapping_review__3658096d36228997,clc_fce,W(RJ(S)),word_order,clc_w,ambiguous,2,,{},err__clc_fce__ec37fe645e3287b5;err__clc_fce__5160eb406f8c97da,needs_review,CLC code targets word order. Compound CLC label preserves nested or overlapping source annotation; review before using as a single category.
review__error_skill_mapping_review__b2d7f2d0f7305ac6,clc_fce,W(RT)(RP),word_order,clc_w,ambiguous,2,,{},err__clc_fce__831d57575065e397;err__clc_fce__8c6388477ca0f03c,needs_review,CLC code targets word order. Compound CLC label preserves nested or overlapping source annotation; review before using as a single category.
review__error_skill_mapping_review__4492ba62b9377fc4,clc_fce,W(S)(RP),word_order,clc_w,ambiguous,2,,{},err__clc_fce__011203d8253d4977;err__clc_fce__6ac67f9b4ab20bbb,needs_review,CLC code targets word order. Compound CLC label preserves nested or overlapping source annotation; review before using as a single category.
review__error_skill_mapping_review__59fbc6905ba4df01,clc_fce,W(SA),word_order,clc_w,ambiguous,2,,{},err__clc_fce__7f06d2324c2dca62;err__clc_fce__791b4e3fb042710a,needs_review,CLC code targets word order. Compound CLC label preserves nested or overlapping source annotation; review before using as a single category.
review__error_skill_mapping_review__f4e9293f122a808b,clc_fce,W(U),word_order,clc_w,ambiguous,2,,{},err__clc_fce__c28fb922780b0150;err__clc_fce__d251456f5a94e7bc,needs_review,CLC code targets word order. Compound CLC label preserves nested or overlapping source annotation; review before using as a single category.
review__error_skill_mapping_review__ad24388ad55d9573,clc_fce,W(UY),word_order,clc_w,ambiguous,2,,{},err__clc_fce__662633f8e670420a;err__clc_fce__0550c3400857bc78,needs_review,CLC code targets word order. Compound CLC label preserves nested or overlapping source annotation; review before using as a single category.
review__error_skill_mapping_review__03893bd291acc59d,clc_fce,X(AGV),other,clc_x,ambiguous,2,,{},err__clc_fce__3b6cb655be691b94;err__clc_fce__e5c19e4eac5f88ec,needs_review,CLC miscellaneous label is intentionally held for review. Compound CLC label preserves nested or overlapping source annotation; review before using as a single category.
review__error_skill_mapping_review__2fe65d3e5d64e095,clc_fce,X(S),other,clc_x,ambiguous,2,,{},err__clc_fce__ff48809b1783bc0b;err__clc_fce__aa7e143aa5b99cac,needs_review,CLC miscellaneous label is intentionally held for review. Compound CLC label preserves nested or overlapping source annotation; review before using as a single category.
review__error_skill_mapping_review__bc96b37d62f87940,clc_fce,X(TV),other,clc_x,ambiguous,2,,{},err__clc_fce__6c502b53b8d81e60;err__clc_fce__b87ad1b072c376d3,needs_review,CLC miscellaneous label is intentionally held for review. Compound CLC label preserves nested or overlapping source annotation; review before using as a single category.
review__error_skill_mapping_review__20f69e2960e72896,clc_fce,AG(W),other,clc_ag,ambiguous,1,,{},err__clc_fce__853b05e9846284e6,needs_review,CLC agreement label target is outside deterministic V1 categories. Compound CLC label preserves nested or overlapping source annotation; review before using as a single category.
review__error_skill_mapping_review__fd064160d8a426df,clc_fce,AGA(RP),adjective_adverb,clc_aga,ambiguous,1,,{},err__clc_fce__8b80b7f2b512f854,needs_review,CLC agreement label targets adjective/adverb-class forms; keep pending review. Compound CLC label preserves nested or overlapping source annotation; review before using as a single category.
review__error_skill_mapping_review__dc8269cc2ee893b2,clc_fce,AGA(S),adjective_adverb,clc_aga,ambiguous,1,,{},err__clc_fce__38c064d45c6954c7,needs_review,CLC agreement label targets adjective/adverb-class forms; keep pending review. Compound CLC label preserves nested or overlapping source annotation; review before using as a single category.
review__error_skill_mapping_review__ec99d6af459c602b,clc_fce,AGA(UV),adjective_adverb,clc_aga,ambiguous,1,,{},err__clc_fce__058469700bcaac80,needs_review,CLC agreement label targets adjective/adverb-class forms; keep pending review. Compound CLC label preserves nested or overlapping source annotation; review before using as a single category.
review__error_skill_mapping_review__592d1af5d204fcdd,clc_fce,AGN(IN),noun_number,clc_agn,ambiguous,1,,{},err__clc_fce__200b51bf679fb379,needs_review,CLC agreement label targets nouns; V1 treats it as noun-number/countability candidate. Compound CLC label preserves nested or overlapping source annotation; review before using as a single category.
review__error_skill_mapping_review__ddac3fb60cf15631,clc_fce,AGN(MD(S)),noun_number,clc_agn,ambiguous,1,,{},err__clc_fce__bd4271bc8253c1b7,needs_review,CLC agreement label targets nouns; V1 treats it as noun-number/countability candidate. Compound CLC label preserves nested or overlapping source annotation; review before using as a single category.
review__error_skill_mapping_review__c3e0d3a966d0a5ad,clc_fce,AGN(SA),noun_number,clc_agn,ambiguous,1,,{},err__clc_fce__cf48124942cb04b9,needs_review,CLC agreement label targets nouns; V1 treats it as noun-number/countability candidate. Compound CLC label preserves nested or overlapping source annotation; review before using as a single category.
review__error_skill_mapping_review__16bc5b9c37c90ca9,clc_fce,AGN(UP),noun_number,clc_agn,ambiguous,1,,{},err__clc_fce__3c42eb4b43f11e65,needs_review,CLC agreement label targets nouns; V1 treats it as noun-number/countability candidate. Compound CLC label preserves nested or overlapping source annotation; review before using as a single category.
review__error_skill_mapping_review__86b053b5038ddb3f,clc_fce,AGQ(S),determiner,clc_agq,ambiguous,1,,{},err__clc_fce__da9700c8d9f9a373,needs_review,CLC agreement label targets determiners/quantifiers; keep pending review. Compound CLC label preserves nested or overlapping source annotation; review before using as a single category.
review__error_skill_mapping_review__566973d27c09c747,clc_fce,AGV(AGA),subject_verb_agreement,clc_agv,ambiguous,1,,{},err__clc_fce__6f282ddcdfd0b08e,needs_review,CLC README defines AGV as a verb agreement error. Compound CLC label preserves nested or overlapping source annotation; review before using as a single category.
review__error_skill_mapping_review__57f53e792dd70336,clc_fce,AGV(MA),subject_verb_agreement,clc_agv,ambiguous,1,,{},err__clc_fce__ef7d2176dc13958b,needs_review,CLC README defines AGV as a verb agreement error. Compound CLC label preserves nested or overlapping source annotation; review before using as a single category.
review__error_skill_mapping_review__f2ecbf2f48a5ed39,clc_fce,AGV(UA),subject_verb_agreement,clc_agv,ambiguous,1,,{},err__clc_fce__2bbf99ebbe705d7c,needs_review,CLC README defines AGV as a verb agreement error. Compound CLC label preserves nested or overlapping source annotation; review before using as a single category.
review__error_skill_mapping_review__de29a9546f51d061,clc_fce,AS(AGN),sentence_structure,clc_as,ambiguous,1,,{},err__clc_fce__3d9cbd94096723a2,needs_review,CLC argument/sentence-structure label is broader than an atomic grammar skill. Compound CLC label preserves nested or overlapping source annotation; review before using as a single category.
review__error_skill_mapping_review__85a22dfc5032491c,clc_fce,AS(AGN)(RN(CN)),sentence_structure,clc_as,ambiguous,1,,{},err__clc_fce__477b8e2f42a612c5,needs_review,CLC argument/sentence-structure label is broader than an atomic grammar skill. Compound CLC label preserves nested or overlapping source annotation; review before using as a single category.
review__error_skill_mapping_review__010752be46ea50f2,clc_fce,AS(AGV)(DD),sentence_structure,clc_as,ambiguous,1,,{},err__clc_fce__3138db3486c8941d,needs_review,CLC argument/sentence-structure label is broader than an atomic grammar skill. Compound CLC label preserves nested or overlapping source annotation; review before using as a single category.
review__error_skill_mapping_review__557eac2c131da483,clc_fce,AS(CN),sentence_structure,clc_as,ambiguous,1,,{},err__clc_fce__eab30bc67654eb06,needs_review,CLC argument/sentence-structure label is broader than an atomic grammar skill. Compound CLC label preserves nested or overlapping source annotation; review before using as a single category.
review__error_skill_mapping_review__b5ae345d0ef908ed,clc_fce,AS(DJ(S))(RD),sentence_structure,clc_as,ambiguous,1,,{},err__clc_fce__a654b62c24e307a5,needs_review,CLC argument/sentence-structure label is broader than an atomic grammar skill. Compound CLC label preserves nested or overlapping source annotation; review before using as a single category.
review__error_skill_mapping_review__2a1b7dd5eeca1dd1,clc_fce,AS(DN),sentence_structure,clc_as,ambiguous,1,,{},err__clc_fce__a87a9536c7019dda,needs_review,CLC argument/sentence-structure label is broader than an atomic grammar skill. Compound CLC label preserves nested or overlapping source annotation; review before using as a single category.
review__error_skill_mapping_review__609e7f510d62d936,clc_fce,AS(FN),sentence_structure,clc_as,ambiguous,1,,{},err__clc_fce__a47729c9896b6beb,needs_review,CLC argument/sentence-structure label is broader than an atomic grammar skill. Compound CLC label preserves nested or overlapping source annotation; review before using as a single category.
review__error_skill_mapping_review__0b383f25959c5502,clc_fce,AS(FV(RV))(MD)(FN),sentence_structure,clc_as,ambiguous,1,,{},err__clc_fce__9496c7683583d55b,needs_review,CLC argument/sentence-structure label is broader than an atomic grammar skill. Compound CLC label preserves nested or overlapping source annotation; review before using as a single category.
review__error_skill_mapping_review__21eaab1675e685a5,clc_fce,AS(FV),sentence_structure,clc_as,ambiguous,1,,{},err__clc_fce__ddbb7841bdcef71b,needs_review,CLC argument/sentence-structure label is broader than an atomic grammar skill. Compound CLC label preserves nested or overlapping source annotation; review before using as a single category.
review__error_skill_mapping_review__74675956a31ca3d7,clc_fce,AS(IJ),sentence_structure,clc_as,ambiguous,1,,{},err__clc_fce__75d4ce52b351fa7a,needs_review,CLC argument/sentence-structure label is broader than an atomic grammar skill. Compound CLC label preserves nested or overlapping source annotation; review before using as a single category.
review__error_skill_mapping_review__58b703aa5f6254f0,clc_fce,AS(L)(UP),sentence_structure,clc_as,ambiguous,1,,{},err__clc_fce__5ab0dd3fb7a55258,needs_review,CLC argument/sentence-structure label is broader than an atomic grammar skill. Compound CLC label preserves nested or overlapping source annotation; review before using as a single category.
review__error_skill_mapping_review__207a63066efb45e1,clc_fce,AS(MT),sentence_structure,clc_as,ambiguous,1,,{},err__clc_fce__715b372e0a261ac4,needs_review,CLC argument/sentence-structure label is broader than an atomic grammar skill. Compound CLC label preserves nested or overlapping source annotation; review before using as a single category.
review__error_skill_mapping_review__deb9bd64b634c146,clc_fce,AS(RA)(DV),sentence_structure,clc_as,ambiguous,1,,{},err__clc_fce__21af34b0ae55c600,needs_review,CLC argument/sentence-structure label is broader than an atomic grammar skill. Compound CLC label preserves nested or overlapping source annotation; review before using as a single category.
review__error_skill_mapping_review__1406c0d9c436e31e,clc_fce,AS(RA)(IJ),sentence_structure,clc_as,ambiguous,1,,{},err__clc_fce__f407082ad8763fa0,needs_review,CLC argument/sentence-structure label is broader than an atomic grammar skill. Compound CLC label preserves nested or overlapping source annotation; review before using as a single category.
review__error_skill_mapping_review__e2f9f13282d12b8c,clc_fce,AS(RJ(MP))(S),sentence_structure,clc_as,ambiguous,1,,{},err__clc_fce__d36f3f8e95543f4d,needs_review,CLC argument/sentence-structure label is broader than an atomic grammar skill. Compound CLC label preserves nested or overlapping source annotation; review before using as a single category.
review__error_skill_mapping_review__810a7f48f3021425,clc_fce,AS(RN),sentence_structure,clc_as,ambiguous,1,,{},err__clc_fce__ec97ba54f0fccad0,needs_review,CLC argument/sentence-structure label is broader than an atomic grammar skill. Compound CLC label preserves nested or overlapping source annotation; review before using as a single category.
review__error_skill_mapping_review__3d3e397be84657cc,clc_fce,AS(RN)(RV),sentence_structure,clc_as,ambiguous,1,,{},err__clc_fce__e0254e1a67f8505a,needs_review,CLC argument/sentence-structure label is broader than an atomic grammar skill. Compound CLC label preserves nested or overlapping source annotation; review before using as a single category.
review__error_skill_mapping_review__be690ef6858e7a3a,clc_fce,AS(RP)(MD),sentence_structure,clc_as,ambiguous,1,,{},err__clc_fce__216e51cb545af7e6,needs_review,CLC argument/sentence-structure label is broader than an atomic grammar skill. Compound CLC label preserves nested or overlapping source annotation; review before using as a single category.
review__error_skill_mapping_review__076f2b5312288aee,clc_fce,AS(RV(AGV)),sentence_structure,clc_as,ambiguous,1,,{},err__clc_fce__091c912aff75d556,needs_review,CLC argument/sentence-structure label is broader than an atomic grammar skill. Compound CLC label preserves nested or overlapping source annotation; review before using as a single category.
review__error_skill_mapping_review__7461b9985df1133e,clc_fce,AS(RV)(MD),sentence_structure,clc_as,ambiguous,1,,{},err__clc_fce__5ae7da8a7b47124f,needs_review,CLC argument/sentence-structure label is broader than an atomic grammar skill. Compound CLC label preserves nested or overlapping source annotation; review before using as a single category.
review__error_skill_mapping_review__fc072a79ee8283a8,clc_fce,AS(RV)(R)(DN),sentence_structure,clc_as,ambiguous,1,,{},err__clc_fce__d912a9e508084da1,needs_review,CLC argument/sentence-structure label is broader than an atomic grammar skill. Compound CLC label preserves nested or overlapping source annotation; review before using as a single category.
review__error_skill_mapping_review__dc101bae5daecbfa,clc_fce,AS(RV)(RY)(S),sentence_structure,clc_as,ambiguous,1,,{},err__clc_fce__845f641c6d26685b,needs_review,CLC argument/sentence-structure label is broader than an atomic grammar skill. Compound CLC label preserves nested or overlapping source annotation; review before using as a single category.
review__error_skill_mapping_review__9ca3a4d68bca17c3,clc_fce,AS(S)(RP),sentence_structure,clc_as,ambiguous,1,,{},err__clc_fce__70e66ea6229aaba8,needs_review,CLC argument/sentence-structure label is broader than an atomic grammar skill. Compound CLC label preserves nested or overlapping source annotation; review before using as a single category.
review__error_skill_mapping_review__d5b9d8e151c0b102,clc_fce,AS(SX),sentence_structure,clc_as,ambiguous,1,,{},err__clc_fce__a46158f86d67cf8b,needs_review,CLC argument/sentence-structure label is broader than an atomic grammar skill. Compound CLC label preserves nested or overlapping source annotation; review before using as a single category.
review__error_skill_mapping_review__6770055918cd4d52,clc_fce,AS(SX)(DN),sentence_structure,clc_as,ambiguous,1,,{},err__clc_fce__6572070d71b8d76d,needs_review,CLC argument/sentence-structure label is broader than an atomic grammar skill. Compound CLC label preserves nested or overlapping source annotation; review before using as a single category.
review__error_skill_mapping_review__09473a4fa00c1d4a,clc_fce,AS(TV)(S),sentence_structure,clc_as,ambiguous,1,,{},err__clc_fce__e55f89dd0d5c8e3d,needs_review,CLC argument/sentence-structure label is broader than an atomic grammar skill. Compound CLC label preserves nested or overlapping source annotation; review before using as a single category.
review__error_skill_mapping_review__a8701e2e59e6d60e,clc_fce,AS(TV)(TV),sentence_structure,clc_as,ambiguous,1,,{},err__clc_fce__389433f5f7625cdf,needs_review,CLC argument/sentence-structure label is broader than an atomic grammar skill. Compound CLC label preserves nested or overlapping source annotation; review before using as a single category.
review__error_skill_mapping_review__d30c4c3c69009f43,clc_fce,AS(UP),sentence_structure,clc_as,ambiguous,1,,{},err__clc_fce__54dc17b327bbdafa,needs_review,CLC argument/sentence-structure label is broader than an atomic grammar skill. Compound CLC label preserves nested or overlapping source annotation; review before using as a single category.
review__error_skill_mapping_review__ce436b8284e44855,clc_fce,AS(UQ),sentence_structure,clc_as,ambiguous,1,,{},err__clc_fce__8a5f41adc04f25b8,needs_review,CLC argument/sentence-structure label is broader than an atomic grammar skill. Compound CLC label preserves nested or overlapping source annotation; review before using as a single category.
review__error_skill_mapping_review__f9bfa1014038d75e,clc_fce,CE(CD),noun_number,clc_ce,ambiguous,1,,{},err__clc_fce__26b9702ac6895779,needs_review,CLC countability label is compatible with noun-number/countability errors. Compound CLC label preserves nested or overlapping source annotation; review before using as a single category.
review__error_skill_mapping_review__1fcf705948d74363,clc_fce,CL(SX),lexical_choice,clc_cl,ambiguous,1,,{},err__clc_fce__ccd42dd1a34a249c,needs_review,CLC collocation-like label is lexical-choice evidence; keep pending review. Compound CLC label preserves nested or overlapping source annotation; review before using as a single category.
review__error_skill_mapping_review__2c211704f5af7922,clc_fce,CN(DN),noun_number,clc_cn,ambiguous,1,,{},err__clc_fce__ecffcaa8cf2a5b11,needs_review,CLC noun countability label is compatible with noun-number/countability errors. Compound CLC label preserves nested or overlapping source annotation; review before using as a single category.
review__error_skill_mapping_review__bed1b67922fb6da0,clc_fce,CN(IN),noun_number,clc_cn,ambiguous,1,,{},err__clc_fce__17d4cf30f44c17bb,needs_review,CLC noun countability label is compatible with noun-number/countability errors. Compound CLC label preserves nested or overlapping source annotation; review before using as a single category.
review__error_skill_mapping_review__1822f8ee7e989125,clc_fce,CN(UD),noun_number,clc_cn,ambiguous,1,,{},err__clc_fce__2dc0db685f3f68bc,needs_review,CLC noun countability label is compatible with noun-number/countability errors. Compound CLC label preserves nested or overlapping source annotation; review before using as a single category.
review__error_skill_mapping_review__48bfc1d8e4f1feca,clc_fce,CQ(IQ),determiner,clc_cq,ambiguous,1,,{},err__clc_fce__a1c2a389c0bc89ba,needs_review,CLC code targets determiner or quantifier use. Compound CLC label preserves nested or overlapping source annotation; review before using as a single category.
review__error_skill_mapping_review__f2aece0ace2c8daf,clc_fce,DA(RP),article,clc_da,ambiguous,1,,{},err__clc_fce__9e3e94f6c9d6a16f,needs_review,CLC code targets article use. Compound CLC label preserves nested or overlapping source annotation; review before using as a single category.
review__error_skill_mapping_review__0ee0d11d63828c7b,clc_fce,DA(S),article,clc_da,ambiguous,1,,{},err__clc_fce__ee05429e4bdb8f20,needs_review,CLC code targets article use. Compound CLC label preserves nested or overlapping source annotation; review before using as a single category.
review__error_skill_mapping_review__e6c84f4bd8e54a53,clc_fce,DJ(DY),adjective_adverb,clc_dj,ambiguous,1,,{},err__clc_fce__b764433a324b135c,needs_review,CLC code targets adjective/adverb-class use. Compound CLC label preserves nested or overlapping source annotation; review before using as a single category.
review__error_skill_mapping_review__51de4d4e01728a2b,clc_fce,DJ(RP),adjective_adverb,clc_dj,ambiguous,1,,{},err__clc_fce__e599f5fef655517f,needs_review,CLC code targets adjective/adverb-class use. Compound CLC label preserves nested or overlapping source annotation; review before using as a single category.
review__error_skill_mapping_review__a05dfd9001df0ae0,clc_fce,DJ(UP(S)),adjective_adverb,clc_dj,ambiguous,1,,{},err__clc_fce__5f7c6285da5c241b,needs_review,CLC code targets adjective/adverb-class use. Compound CLC label preserves nested or overlapping source annotation; review before using as a single category.
review__error_skill_mapping_review__418e63c5920d18fb,clc_fce,DJ(UP),adjective_adverb,clc_dj,ambiguous,1,,{},err__clc_fce__5b1cffcedc348f62,needs_review,CLC code targets adjective/adverb-class use. Compound CLC label preserves nested or overlapping source annotation; review before using as a single category.
review__error_skill_mapping_review__c9374f57ae3b1064,clc_fce,DN(AGN),word_form,clc_dn,ambiguous,1,,{},err__clc_fce__f7366114de464004,needs_review,CLC code targets noun form. Compound CLC label preserves nested or overlapping source annotation; review before using as a single category.
review__error_skill_mapping_review__9c2b7e31e5f24231,clc_fce,DN(DN),word_form,clc_dn,ambiguous,1,,{},err__clc_fce__2a252d05c3f6abd9,needs_review,CLC code targets noun form. Compound CLC label preserves nested or overlapping source annotation; review before using as a single category.
review__error_skill_mapping_review__28eb1b1c76f2ac1f,clc_fce,DN(FN(RP(S)))(RP(S)),word_form,clc_dn,ambiguous,1,,{},err__clc_fce__555b8b1c84b466cb,needs_review,CLC code targets noun form. Compound CLC label preserves nested or overlapping source annotation; review before using as a single category.
review__error_skill_mapping_review__573e8d9875bef99e,clc_fce,DN(FN(S)),word_form,clc_dn,ambiguous,1,,{},err__clc_fce__3aba81a107d929e6,needs_review,CLC code targets noun form. Compound CLC label preserves nested or overlapping source annotation; review before using as a single category.
review__error_skill_mapping_review__59c0c741c7ec1a3f,clc_fce,DN(IJ),word_form,clc_dn,ambiguous,1,,{},err__clc_fce__11bd0cff4e0255ae,needs_review,CLC code targets noun form. Compound CLC label preserves nested or overlapping source annotation; review before using as a single category.
review__error_skill_mapping_review__4e710ff17141c502,clc_fce,DN(IV),word_form,clc_dn,ambiguous,1,,{},err__clc_fce__c91efad9b2183974,needs_review,CLC code targets noun form. Compound CLC label preserves nested or overlapping source annotation; review before using as a single category.
review__error_skill_mapping_review__57d6a9d64f30cd55,clc_fce,DN(RP(S)),word_form,clc_dn,ambiguous,1,,{},err__clc_fce__99c8d692471a3e35,needs_review,CLC code targets noun form. Compound CLC label preserves nested or overlapping source annotation; review before using as a single category.
review__error_skill_mapping_review__94429a4b83c49b9f,clc_fce,DN(SX),word_form,clc_dn,ambiguous,1,,{},err__clc_fce__edfb47b367ab849a,needs_review,CLC code targets noun form. Compound CLC label preserves nested or overlapping source annotation; review before using as a single category.
review__error_skill_mapping_review__70000e9166886009,clc_fce,DN(UP(S)),word_form,clc_dn,ambiguous,1,,{},err__clc_fce__dbaddb46b45a2fc9,needs_review,CLC code targets noun form. Compound CLC label preserves nested or overlapping source annotation; review before using as a single category.
review__error_skill_mapping_review__a7eb5a9ee952ba0c,clc_fce,DT(S),preposition,clc_dt,ambiguous,1,,{},err__clc_fce__bbc2384a87827638,needs_review,CLC code targets preposition use. Compound CLC label preserves nested or overlapping source annotation; review before using as a single category.
review__error_skill_mapping_review__df005fb6fd6222ea,clc_fce,DV(RN),verb_form,clc_dv,ambiguous,1,,{},err__clc_fce__1568b35c66b43d48,needs_review,CLC code targets verb form. Compound CLC label preserves nested or overlapping source annotation; review before using as a single category.
review__error_skill_mapping_review__716f49cc639abd27,clc_fce,DY(DJ),adjective_adverb,clc_dy,ambiguous,1,,{},err__clc_fce__884ed0863a83eb15,needs_review,CLC code targets adjective/adverb-class use. Compound CLC label preserves nested or overlapping source annotation; review before using as a single category.
review__error_skill_mapping_review__ca3a21a20c71e689,clc_fce,DY(IJ),adjective_adverb,clc_dy,ambiguous,1,,{},err__clc_fce__a9ec9355f5c5f7d5,needs_review,CLC code targets adjective/adverb-class use. Compound CLC label preserves nested or overlapping source annotation; review before using as a single category.
review__error_skill_mapping_review__59cff79d3b5edef0,clc_fce,FN(IN(S)),word_form,clc_fn,ambiguous,1,,{},err__clc_fce__318c169d2241b83a,needs_review,CLC README defines FN as a wrong noun-form error. Compound CLC label preserves nested or overlapping source annotation; review before using as a single category.
review__error_skill_mapping_review__8d2ad1c8d3adb4d9,clc_fce,FN(UD(S)),word_form,clc_fn,ambiguous,1,,{},err__clc_fce__2da1fc30cc50844d,needs_review,CLC README defines FN as a wrong noun-form error. Compound CLC label preserves nested or overlapping source annotation; review before using as a single category.
review__error_skill_mapping_review__569ec988f850fe04,clc_fce,FV(MV),verb_form,clc_fv,ambiguous,1,,{},err__clc_fce__83aa55909ea00e72,needs_review,CLC code targets verb form. Compound CLC label preserves nested or overlapping source annotation; review before using as a single category.
review__error_skill_mapping_review__0dd7951761d9c067,clc_fce,FV(RP(S)),verb_form,clc_fv,ambiguous,1,,{},err__clc_fce__b3fff9eda7c6b004,needs_review,CLC code targets verb form. Compound CLC label preserves nested or overlapping source annotation; review before using as a single category.
review__error_skill_mapping_review__cf69b64b40c3acb6,clc_fce,FV(RP),verb_form,clc_fv,ambiguous,1,,{},err__clc_fce__f023203061328304,needs_review,CLC code targets verb form. Compound CLC label preserves nested or overlapping source annotation; review before using as a single category.
review__error_skill_mapping_review__f63362c9b0ed914f,clc_fce,FV(RV(DV)),verb_form,clc_fv,ambiguous,1,,{},err__clc_fce__418f9c7361d47448,needs_review,CLC code targets verb form. Compound CLC label preserves nested or overlapping source annotation; review before using as a single category.
review__error_skill_mapping_review__9d6abd36a802ead1,clc_fce,FV(RV(S)),verb_form,clc_fv,ambiguous,1,,{},err__clc_fce__e8771ff398c20f7e,needs_review,CLC code targets verb form. Compound CLC label preserves nested or overlapping source annotation; review before using as a single category.
review__error_skill_mapping_review__db5e716f336b20ea,clc_fce,FV(TV),verb_form,clc_fv,ambiguous,1,,{},err__clc_fce__4e416d8fb4c812ca,needs_review,CLC code targets verb form. Compound CLC label preserves nested or overlapping source annotation; review before using as a single category.
review__error_skill_mapping_review__b36ad0085e375ccc,clc_fce,FV(UP),verb_form,clc_fv,ambiguous,1,,{},err__clc_fce__566d5f30ef734689,needs_review,CLC code targets verb form. Compound CLC label preserves nested or overlapping source annotation; review before using as a single category.
review__error_skill_mapping_review__66fc8e404f37baa8,clc_fce,ID(FN),determiner,clc_id,ambiguous,1,,{},err__clc_fce__a7655c6544fda22c,needs_review,CLC code targets determiner or quantifier use. Compound CLC label preserves nested or overlapping source annotation; review before using as a single category.
review__error_skill_mapping_review__06704f176be58e74,clc_fce,ID(IN),determiner,clc_id,ambiguous,1,,{},err__clc_fce__91d49cdc35b4dd6d,needs_review,CLC code targets determiner or quantifier use. Compound CLC label preserves nested or overlapping source annotation; review before using as a single category.
review__error_skill_mapping_review__12b445ce163510f7,clc_fce,ID(MD),determiner,clc_id,ambiguous,1,,{},err__clc_fce__8b3ed8ef86a481bc,needs_review,CLC code targets determiner or quantifier use. Compound CLC label preserves nested or overlapping source annotation; review before using as a single category.
review__error_skill_mapping_review__6420a8563ef7ab34,clc_fce,ID(RN),determiner,clc_id,ambiguous,1,,{},err__clc_fce__4aecf8f298336f26,needs_review,CLC code targets determiner or quantifier use. Compound CLC label preserves nested or overlapping source annotation; review before using as a single category.
review__error_skill_mapping_review__384fef5311913d78,clc_fce,ID(RT),determiner,clc_id,ambiguous,1,,{},err__clc_fce__f836447683704fd9,needs_review,CLC code targets determiner or quantifier use. Compound CLC label preserves nested or overlapping source annotation; review before using as a single category.
review__error_skill_mapping_review__7c890d0116164ad3,clc_fce,ID(RV),determiner,clc_id,ambiguous,1,,{},err__clc_fce__0e76e7e228f1e3ee,needs_review,CLC code targets determiner or quantifier use. Compound CLC label preserves nested or overlapping source annotation; review before using as a single category.
review__error_skill_mapping_review__fb8777e0c4afe9fc,clc_fce,ID(SX),determiner,clc_id,ambiguous,1,,{},err__clc_fce__4ee366965c469749,needs_review,CLC code targets determiner or quantifier use. Compound CLC label preserves nested or overlapping source annotation; review before using as a single category.
review__error_skill_mapping_review__6d37426758b2cde9,clc_fce,ID(TV(AGV)),determiner,clc_id,ambiguous,1,,{},err__clc_fce__0e95c1f1cbfb0a43,needs_review,CLC code targets determiner or quantifier use. Compound CLC label preserves nested or overlapping source annotation; review before using as a single category.
review__error_skill_mapping_review__af9388efa7d5aa9f,clc_fce,ID(TV),determiner,clc_id,ambiguous,1,,{},err__clc_fce__b57cc26a2e671a24,needs_review,CLC code targets determiner or quantifier use. Compound CLC label preserves nested or overlapping source annotation; review before using as a single category.
review__error_skill_mapping_review__f22a1023c3bd692d,clc_fce,ID(UD),determiner,clc_id,ambiguous,1,,{},err__clc_fce__f35f181dffddd8f3,needs_review,CLC code targets determiner or quantifier use. Compound CLC label preserves nested or overlapping source annotation; review before using as a single category.
review__error_skill_mapping_review__c7aa772b519da2d7,clc_fce,IJ(IJ),adjective_adverb,clc_ij,ambiguous,1,,{},err__clc_fce__8f1996a8e4ce7169,needs_review,CLC code targets adjective/adverb-class use. Compound CLC label preserves nested or overlapping source annotation; review before using as a single category.
review__error_skill_mapping_review__b3cdb610d1253e81,clc_fce,IJ(RJ),adjective_adverb,clc_ij,ambiguous,1,,{},err__clc_fce__a72d13f6d4de602f,needs_review,CLC code targets adjective/adverb-class use. Compound CLC label preserves nested or overlapping source annotation; review before using as a single category.
review__error_skill_mapping_review__1d555470b4151b78,clc_fce,IN(RP),other,clc_in,ambiguous,1,,{},err__clc_fce__a17fff8fd2f7a59d,needs_review,CLC noun-class operation is too broad for a V1 grammar category. Compound CLC label preserves nested or overlapping source annotation; review before using as a single category.
review__error_skill_mapping_review__723b792acc26456f,clc_fce,IV(S),verb_form,clc_iv,ambiguous,1,,{},err__clc_fce__240ad012eff9c864,needs_review,CLC code targets verb form. Compound CLC label preserves nested or overlapping source annotation; review before using as a single category.
review__error_skill_mapping_review__3df01307aa2186e7,clc_fce,L(DN),lexical_choice,clc_l,ambiguous,1,,{},err__clc_fce__54f1e7f2d9358e2a,needs_review,CLC lexical label is not safely reducible to a grammar skill. Compound CLC label preserves nested or overlapping source annotation; review before using as a single category.
review__error_skill_mapping_review__233390b728203b30,clc_fce,L(RN),lexical_choice,clc_l,ambiguous,1,,{},err__clc_fce__21c9ddccff485815,needs_review,CLC lexical label is not safely reducible to a grammar skill. Compound CLC label preserves nested or overlapping source annotation; review before using as a single category.
review__error_skill_mapping_review__96f6ca5789a2dc0c,clc_fce,L(RP(DY)),lexical_choice,clc_l,ambiguous,1,,{},err__clc_fce__853536c2e396f901,needs_review,CLC lexical label is not safely reducible to a grammar skill. Compound CLC label preserves nested or overlapping source annotation; review before using as a single category.
review__error_skill_mapping_review__e4477294385fe68b,clc_fce,L(RY),lexical_choice,clc_l,ambiguous,1,,{},err__clc_fce__b3403ebc20848717,needs_review,CLC lexical label is not safely reducible to a grammar skill. Compound CLC label preserves nested or overlapping source annotation; review before using as a single category.
review__error_skill_mapping_review__1f81a1a681eb2830,clc_fce,L(TV),lexical_choice,clc_l,ambiguous,1,,{},err__clc_fce__e73530413a38856b,needs_review,CLC lexical label is not safely reducible to a grammar skill. Compound CLC label preserves nested or overlapping source annotation; review before using as a single category.
review__error_skill_mapping_review__fda05c61535a2fb2,clc_fce,M(RP),other,clc_m,ambiguous,1,,{},err__clc_fce__fd3ce141ba2f4813,needs_review,CLC operation-only label lacks a word-class target. Compound CLC label preserves nested or overlapping source annotation; review before using as a single category.
review__error_skill_mapping_review__dea550feef30ac19,clc_fce,M(S),other,clc_m,ambiguous,1,,{},err__clc_fce__b7695f3cd620fba8,needs_review,CLC operation-only label lacks a word-class target. Compound CLC label preserves nested or overlapping source annotation; review before using as a single category.
review__error_skill_mapping_review__5d68ab6a0f5540e4,clc_fce,MA(RP),article,clc_ma,ambiguous,1,,{},err__clc_fce__da184c68eee6b398,needs_review,CLC code targets article use. Compound CLC label preserves nested or overlapping source annotation; review before using as a single category.
review__error_skill_mapping_review__7cb3ceb39504c36d,clc_fce,MA(RV),article,clc_ma,ambiguous,1,,{},err__clc_fce__6917c5f129ef9a3b,needs_review,CLC code targets article use. Compound CLC label preserves nested or overlapping source annotation; review before using as a single category.
review__error_skill_mapping_review__41c54391bb4d6d18,clc_fce,MD(AGN),determiner,clc_md,ambiguous,1,,{},err__clc_fce__1d4a1e80cba3899b,needs_review,CLC README defines MD as a missing determiner error. Compound CLC label preserves nested or overlapping source annotation; review before using as a single category.
review__error_skill_mapping_review__d9eae96851e61dbe,clc_fce,MD(DJ),determiner,clc_md,ambiguous,1,,{},err__clc_fce__358fa0c615ee1d55,needs_review,CLC README defines MD as a missing determiner error. Compound CLC label preserves nested or overlapping source annotation; review before using as a single category.
review__error_skill_mapping_review__f4de1537462582a0,clc_fce,MD(DN),determiner,clc_md,ambiguous,1,,{},err__clc_fce__900bf6ec739ee9ee,needs_review,CLC README defines MD as a missing determiner error. Compound CLC label preserves nested or overlapping source annotation; review before using as a single category.
review__error_skill_mapping_review__bec70fec97db8048,clc_fce,MD(FN),determiner,clc_md,ambiguous,1,,{},err__clc_fce__052d19208d94cf6a,needs_review,CLC README defines MD as a missing determiner error. Compound CLC label preserves nested or overlapping source annotation; review before using as a single category.
review__error_skill_mapping_review__79126ed2e1944618,clc_fce,MD(MP),determiner,clc_md,ambiguous,1,,{},err__clc_fce__8667d10e7e306da7,needs_review,CLC README defines MD as a missing determiner error. Compound CLC label preserves nested or overlapping source annotation; review before using as a single category.
review__error_skill_mapping_review__b8de505afe434dc5,clc_fce,MP(AGA),punctuation,clc_mp,ambiguous,1,,{},err__clc_fce__936477718cd8ace4,needs_review,CLC code targets punctuation. Compound CLC label preserves nested or overlapping source annotation; review before using as a single category.
review__error_skill_mapping_review__a68c3435c0cc2d1d,clc_fce,MP(AGV),punctuation,clc_mp,ambiguous,1,,{},err__clc_fce__d586d270c1be718c,needs_review,CLC code targets punctuation. Compound CLC label preserves nested or overlapping source annotation; review before using as a single category.
review__error_skill_mapping_review__26098f439e559bb3,clc_fce,MP(CN),punctuation,clc_mp,ambiguous,1,,{},err__clc_fce__9fe94bbf2d7aae57,needs_review,CLC code targets punctuation. Compound CLC label preserves nested or overlapping source annotation; review before using as a single category.
review__error_skill_mapping_review__272cd89a3bf87617,clc_fce,MP(DN),punctuation,clc_mp,ambiguous,1,,{},err__clc_fce__465787723bcc8dbe,needs_review,CLC code targets punctuation. Compound CLC label preserves nested or overlapping source annotation; review before using as a single category.
review__error_skill_mapping_review__d23b191638ed6f11,clc_fce,MP(DV),punctuation,clc_mp,ambiguous,1,,{},err__clc_fce__be5ea37781814a82,needs_review,CLC code targets punctuation. Compound CLC label preserves nested or overlapping source annotation; review before using as a single category.
review__error_skill_mapping_review__1a8976db13477352,clc_fce,MP(DY)(DJ),punctuation,clc_mp,ambiguous,1,,{},err__clc_fce__a2b2838c55265442,needs_review,CLC code targets punctuation. Compound CLC label preserves nested or overlapping source annotation; review before using as a single category.
review__error_skill_mapping_review__a3cf1385c4160caa,clc_fce,MP(FJ),punctuation,clc_mp,ambiguous,1,,{},err__clc_fce__beffbe9c37dab637,needs_review,CLC code targets punctuation. Compound CLC label preserves nested or overlapping source annotation; review before using as a single category.
review__error_skill_mapping_review__fa6a0d50903ffa1d,clc_fce,MP(L),punctuation,clc_mp,ambiguous,1,,{},err__clc_fce__71565363c3d59728,needs_review,CLC code targets punctuation. Compound CLC label preserves nested or overlapping source annotation; review before using as a single category.
review__error_skill_mapping_review__790477768c57e916,clc_fce,MP(MA),punctuation,clc_mp,ambiguous,1,,{},err__clc_fce__40e2e18567488b1a,needs_review,CLC code targets punctuation. Compound CLC label preserves nested or overlapping source annotation; review before using as a single category.
review__error_skill_mapping_review__9bc0f30747fe852c,clc_fce,MP(MT),punctuation,clc_mp,ambiguous,1,,{},err__clc_fce__016cf1303195742a,needs_review,CLC code targets punctuation. Compound CLC label preserves nested or overlapping source annotation; review before using as a single category.
review__error_skill_mapping_review__1a2a3bbc3fa50844,clc_fce,MP(RJ),punctuation,clc_mp,ambiguous,1,,{},err__clc_fce__aba95e15c0bc7da3,needs_review,CLC code targets punctuation. Compound CLC label preserves nested or overlapping source annotation; review before using as a single category.
review__error_skill_mapping_review__a0ecab57baeeec69,clc_fce,MP(RN),punctuation,clc_mp,ambiguous,1,,{},err__clc_fce__41b06cd77f3c1688,needs_review,CLC code targets punctuation. Compound CLC label preserves nested or overlapping source annotation; review before using as a single category.
review__error_skill_mapping_review__765b13efecf56708,clc_fce,MP(RP(S)),punctuation,clc_mp,ambiguous,1,,{},err__clc_fce__bd8b85fad1b22c4e,needs_review,CLC code targets punctuation. Compound CLC label preserves nested or overlapping source annotation; review before using as a single category.
review__error_skill_mapping_review__9862fd2f323dab74,clc_fce,MP(RY),punctuation,clc_mp,ambiguous,1,,{},err__clc_fce__306733417b2a2d3c,needs_review,CLC code targets punctuation. Compound CLC label preserves nested or overlapping source annotation; review before using as a single category.
review__error_skill_mapping_review__4a96ebd013b34895,clc_fce,MP(SX),punctuation,clc_mp,ambiguous,1,,{},err__clc_fce__c595890b6735bf2f,needs_review,CLC code targets punctuation. Compound CLC label preserves nested or overlapping source annotation; review before using as a single category.
review__error_skill_mapping_review__18694345b2c0f3d7,clc_fce,MP(SX)(FN),punctuation,clc_mp,ambiguous,1,,{},err__clc_fce__12d98b69e593d487,needs_review,CLC code targets punctuation. Compound CLC label preserves nested or overlapping source annotation; review before using as a single category.
review__error_skill_mapping_review__711c5b4cad258add,clc_fce,MP(TV),punctuation,clc_mp,ambiguous,1,,{},err__clc_fce__8b3b67a52558be3e,needs_review,CLC code targets punctuation. Compound CLC label preserves nested or overlapping source annotation; review before using as a single category.
review__error_skill_mapping_review__01bd7aabc12ce895,clc_fce,MP(UA),punctuation,clc_mp,ambiguous,1,,{},err__clc_fce__baf8d47dd6ae3590,needs_review,CLC code targets punctuation. Compound CLC label preserves nested or overlapping source annotation; review before using as a single category.
review__error_skill_mapping_review__ed6ddea684912088,clc_fce,MP(UC(SX)),punctuation,clc_mp,ambiguous,1,,{},err__clc_fce__9344fb750d41018b,needs_review,CLC code targets punctuation. Compound CLC label preserves nested or overlapping source annotation; review before using as a single category.
review__error_skill_mapping_review__8f4f595f7e164a27,clc_fce,MP(UC)(AG),punctuation,clc_mp,ambiguous,1,,{},err__clc_fce__a7b07c54fff9362a,needs_review,CLC code targets punctuation. Compound CLC label preserves nested or overlapping source annotation; review before using as a single category.
review__error_skill_mapping_review__5cc07630aa7a6598,clc_fce,MP(UY),punctuation,clc_mp,ambiguous,1,,{},err__clc_fce__d07bdb7982ed05ff,needs_review,CLC code targets punctuation. Compound CLC label preserves nested or overlapping source annotation; review before using as a single category.
review__error_skill_mapping_review__252a66d577b5c0fa,clc_fce,MT(RP),preposition,clc_mt,ambiguous,1,,{},err__clc_fce__7f081c9c97def031,needs_review,CLC code targets preposition use. Compound CLC label preserves nested or overlapping source annotation; review before using as a single category.
review__error_skill_mapping_review__f31a021d7786dcdf,clc_fce,MV(S),sentence_structure,clc_mv,ambiguous,1,,{},err__clc_fce__5364cd67fb1f62fd,needs_review,CLC missing/unnecessary verb label affects clause structure; keep pending review. Compound CLC label preserves nested or overlapping source annotation; review before using as a single category.
review__error_skill_mapping_review__7283056f9a655b45,clc_fce,MV(UP),sentence_structure,clc_mv,ambiguous,1,,{},err__clc_fce__072d8363b1b15f04,needs_review,CLC missing/unnecessary verb label affects clause structure; keep pending review. Compound CLC label preserves nested or overlapping source annotation; review before using as a single category.
review__error_skill_mapping_review__cffa95db61a9e830,clc_fce,R(AGD),other,clc_r,ambiguous,1,,{},err__clc_fce__81f9f7aeaae6c596,needs_review,CLC operation-only label lacks a word-class target. Compound CLC label preserves nested or overlapping source annotation; review before using as a single category.
review__error_skill_mapping_review__621ec5beccb2e99e,clc_fce,R(AGV(S))(RP(S)),other,clc_r,ambiguous,1,,{},err__clc_fce__1c6e0e8d683ee227,needs_review,CLC operation-only label lacks a word-class target. Compound CLC label preserves nested or overlapping source annotation; review before using as a single category.
review__error_skill_mapping_review__7028b23af1d348ad,clc_fce,R(AGV(SX)),other,clc_r,ambiguous,1,,{},err__clc_fce__5a77f221d5db4721,needs_review,CLC operation-only label lacks a word-class target. Compound CLC label preserves nested or overlapping source annotation; review before using as a single category.
review__error_skill_mapping_review__2a2693dd4d9c3fb5,clc_fce,R(DJ),other,clc_r,ambiguous,1,,{},err__clc_fce__b08481c5aa91e9f8,needs_review,CLC operation-only label lacks a word-class target. Compound CLC label preserves nested or overlapping source annotation; review before using as a single category.
review__error_skill_mapping_review__6d05dffa66ae2c52,clc_fce,R(DN)(DV),other,clc_r,ambiguous,1,,{},err__clc_fce__b184be681adc7640,needs_review,CLC operation-only label lacks a word-class target. Compound CLC label preserves nested or overlapping source annotation; review before using as a single category.
review__error_skill_mapping_review__2768eb62690ea6cd,clc_fce,R(DN)(SA),other,clc_r,ambiguous,1,,{},err__clc_fce__1614c8fc56573dbc,needs_review,CLC operation-only label lacks a word-class target. Compound CLC label preserves nested or overlapping source annotation; review before using as a single category.
review__error_skill_mapping_review__c9a8a7ce93ebc26e,clc_fce,R(ID),other,clc_r,ambiguous,1,,{},err__clc_fce__1bc0abfcef1face2,needs_review,CLC operation-only label lacks a word-class target. Compound CLC label preserves nested or overlapping source annotation; review before using as a single category.
review__error_skill_mapping_review__50058e99243c24f1,clc_fce,R(MD)(R),other,clc_r,ambiguous,1,,{},err__clc_fce__58783248a6756c67,needs_review,CLC operation-only label lacks a word-class target. Compound CLC label preserves nested or overlapping source annotation; review before using as a single category.
review__error_skill_mapping_review__f24c687c73aedd2f,clc_fce,R(R),other,clc_r,ambiguous,1,,{},err__clc_fce__76f301b34c2d5234,needs_review,CLC operation-only label lacks a word-class target. Compound CLC label preserves nested or overlapping source annotation; review before using as a single category.
review__error_skill_mapping_review__c01853928ab12c92,clc_fce,R(RA),other,clc_r,ambiguous,1,,{},err__clc_fce__9bcc0ee7d6db5c47,needs_review,CLC operation-only label lacks a word-class target. Compound CLC label preserves nested or overlapping source annotation; review before using as a single category.
review__error_skill_mapping_review__dc328d8f402b42eb,clc_fce,R(RN),other,clc_r,ambiguous,1,,{},err__clc_fce__25c65fb366ff0bff,needs_review,CLC operation-only label lacks a word-class target. Compound CLC label preserves nested or overlapping source annotation; review before using as a single category.
review__error_skill_mapping_review__6c7b2a619f9ca135,clc_fce,R(RT)(S),other,clc_r,ambiguous,1,,{},err__clc_fce__52a3e9b23b78c0fb,needs_review,CLC operation-only label lacks a word-class target. Compound CLC label preserves nested or overlapping source annotation; review before using as a single category.
review__error_skill_mapping_review__3b1b23d671f1c93d,clc_fce,R(RY),other,clc_r,ambiguous,1,,{},err__clc_fce__03c7f89d03988940,needs_review,CLC operation-only label lacks a word-class target. Compound CLC label preserves nested or overlapping source annotation; review before using as a single category.
review__error_skill_mapping_review__f4200a50561c2894,clc_fce,R(SA),other,clc_r,ambiguous,1,,{},err__clc_fce__817ddf1aeced5bf1,needs_review,CLC operation-only label lacks a word-class target. Compound CLC label preserves nested or overlapping source annotation; review before using as a single category.
review__error_skill_mapping_review__ea5ce1ef6450f70f,clc_fce,R(UV),other,clc_r,ambiguous,1,,{},err__clc_fce__b944bf88514b755e,needs_review,CLC operation-only label lacks a word-class target. Compound CLC label preserves nested or overlapping source annotation; review before using as a single category.
review__error_skill_mapping_review__71edd66eb6971957,clc_fce,RA(MD),article,clc_ra,ambiguous,1,,{},err__clc_fce__20f289da363699b4,needs_review,CLC code targets article use. Compound CLC label preserves nested or overlapping source annotation; review before using as a single category.
review__error_skill_mapping_review__a8234c03861f6754,clc_fce,RA(RP(S)),article,clc_ra,ambiguous,1,,{},err__clc_fce__bed3329ed22b8d85,needs_review,CLC code targets article use. Compound CLC label preserves nested or overlapping source annotation; review before using as a single category.
review__error_skill_mapping_review__91cbccfe15100aad,clc_fce,RA(S),article,clc_ra,ambiguous,1,,{},err__clc_fce__41a3542321e06054,needs_review,CLC code targets article use. Compound CLC label preserves nested or overlapping source annotation; review before using as a single category.
review__error_skill_mapping_review__777fcb2908751151,clc_fce,RC(RP),conjunction_clause,clc_rc,ambiguous,1,,{},err__clc_fce__488ee9b7474f9d31,needs_review,CLC code targets a conjunction/clause-linking class; keep pending review. Compound CLC label preserves nested or overlapping source annotation; review before using as a single category.
review__error_skill_mapping_review__2176cb61f1101984,clc_fce,RC(SX),conjunction_clause,clc_rc,ambiguous,1,,{},err__clc_fce__81965a40272cc148,needs_review,CLC code targets a conjunction/clause-linking class; keep pending review. Compound CLC label preserves nested or overlapping source annotation; review before using as a single category.
review__error_skill_mapping_review__708befbacc881f98,clc_fce,RD(AGD),determiner,clc_rd,ambiguous,1,,{},err__clc_fce__9f8ebe59ee86a059,needs_review,CLC code targets determiner or quantifier use. Compound CLC label preserves nested or overlapping source annotation; review before using as a single category.
review__error_skill_mapping_review__48ab742bdd0b60b8,clc_fce,RJ(DJ(S)),adjective_adverb,clc_rj,ambiguous,1,,{},err__clc_fce__2a47164e0b802096,needs_review,CLC code targets adjective/adverb-class use. Compound CLC label preserves nested or overlapping source annotation; review before using as a single category.
review__error_skill_mapping_review__e529c9352a400db3,clc_fce,RJ(DJ(SA)),adjective_adverb,clc_rj,ambiguous,1,,{},err__clc_fce__57e2f2d4717f7d4a,needs_review,CLC code targets adjective/adverb-class use. Compound CLC label preserves nested or overlapping source annotation; review before using as a single category.
review__error_skill_mapping_review__fa0c2a4fceff7baf,clc_fce,RJ(FD),adjective_adverb,clc_rj,ambiguous,1,,{},err__clc_fce__23cda6b2f730863d,needs_review,CLC code targets adjective/adverb-class use. Compound CLC label preserves nested or overlapping source annotation; review before using as a single category.
review__error_skill_mapping_review__a2fb02963aa82d34,clc_fce,RJ(RJ),adjective_adverb,clc_rj,ambiguous,1,,{},err__clc_fce__53b78ba5525f5ae6,needs_review,CLC code targets adjective/adverb-class use. Compound CLC label preserves nested or overlapping source annotation; review before using as a single category.
review__error_skill_mapping_review__a7e491567678c39a,clc_fce,RJ(S)(IJ),adjective_adverb,clc_rj,ambiguous,1,,{},err__clc_fce__060a879814de4ea6,needs_review,CLC code targets adjective/adverb-class use. Compound CLC label preserves nested or overlapping source annotation; review before using as a single category.
review__error_skill_mapping_review__789e94fd47220d14,clc_fce,RJ(SA),adjective_adverb,clc_rj,ambiguous,1,,{},err__clc_fce__eb822ef2d3b0b160,needs_review,CLC code targets adjective/adverb-class use. Compound CLC label preserves nested or overlapping source annotation; review before using as a single category.
review__error_skill_mapping_review__eb15e49a51ff6985,clc_fce,RN(AGN(S)),lexical_choice,clc_rn,ambiguous,1,,{},err__clc_fce__9bd1894f90d7f3e2,needs_review,CLC README defines RN as a replace-noun error. Compound CLC label preserves nested or overlapping source annotation; review before using as a single category.
review__error_skill_mapping_review__b79fdd96feaca049,clc_fce,RN(DN(S(RP))),lexical_choice,clc_rn,ambiguous,1,,{},err__clc_fce__ca2fb76e5e652dcf,needs_review,CLC README defines RN as a replace-noun error. Compound CLC label preserves nested or overlapping source annotation; review before using as a single category.
review__error_skill_mapping_review__706cf2bffa06824a,clc_fce,RN(IN),lexical_choice,clc_rn,ambiguous,1,,{},err__clc_fce__c62a0b3eab759a9d,needs_review,CLC README defines RN as a replace-noun error. Compound CLC label preserves nested or overlapping source annotation; review before using as a single category.
review__error_skill_mapping_review__10775fc9cb082e0c,clc_fce,RN(IV),lexical_choice,clc_rn,ambiguous,1,,{},err__clc_fce__18b4122eaa120fcf,needs_review,CLC README defines RN as a replace-noun error. Compound CLC label preserves nested or overlapping source annotation; review before using as a single category.
review__error_skill_mapping_review__3e395a865756be7c,clc_fce,RN(MP),lexical_choice,clc_rn,ambiguous,1,,{},err__clc_fce__48f2f212022fb1fa,needs_review,CLC README defines RN as a replace-noun error. Compound CLC label preserves nested or overlapping source annotation; review before using as a single category.
review__error_skill_mapping_review__d437046b23ba02a7,clc_fce,RN(RN),lexical_choice,clc_rn,ambiguous,1,,{},err__clc_fce__a3df06d3e157db39,needs_review,CLC README defines RN as a replace-noun error. Compound CLC label preserves nested or overlapping source annotation; review before using as a single category.
review__error_skill_mapping_review__049305cf59aaa64a,clc_fce,RN(S)(S),lexical_choice,clc_rn,ambiguous,1,,{},err__clc_fce__a7bcf2d9e4df372d,needs_review,CLC README defines RN as a replace-noun error. Compound CLC label preserves nested or overlapping source annotation; review before using as a single category.
review__error_skill_mapping_review__a54fecf934fd778e,clc_fce,RN(SA),lexical_choice,clc_rn,ambiguous,1,,{},err__clc_fce__b552468785536441,needs_review,CLC README defines RN as a replace-noun error. Compound CLC label preserves nested or overlapping source annotation; review before using as a single category.
review__error_skill_mapping_review__23fefd3efd5c3827,clc_fce,RP(AGA),punctuation,clc_rp,ambiguous,1,,{},err__clc_fce__7f91cabbfa2a4915,needs_review,CLC code targets punctuation. Compound CLC label preserves nested or overlapping source annotation; review before using as a single category.
review__error_skill_mapping_review__7c4c8121abb18aae,clc_fce,RP(AGN),punctuation,clc_rp,ambiguous,1,,{},err__clc_fce__8b775b6631e6d0b7,needs_review,CLC code targets punctuation. Compound CLC label preserves nested or overlapping source annotation; review before using as a single category.
review__error_skill_mapping_review__1a4b44e31e1c395c,clc_fce,RP(AGQ),punctuation,clc_rp,ambiguous,1,,{},err__clc_fce__ab2e7ac8510cd7d7,needs_review,CLC code targets punctuation. Compound CLC label preserves nested or overlapping source annotation; review before using as a single category.
review__error_skill_mapping_review__0e035d1387df3baf,clc_fce,RP(DD),punctuation,clc_rp,ambiguous,1,,{},err__clc_fce__a4756cd0425096f5,needs_review,CLC code targets punctuation. Compound CLC label preserves nested or overlapping source annotation; review before using as a single category.
review__error_skill_mapping_review__17751b712c9fadcf,clc_fce,RP(DN),punctuation,clc_rp,ambiguous,1,,{},err__clc_fce__a592ec97e18677b6,needs_review,CLC code targets punctuation. Compound CLC label preserves nested or overlapping source annotation; review before using as a single category.
review__error_skill_mapping_review__1bce20c9e2ee5954,clc_fce,RP(IJ),punctuation,clc_rp,ambiguous,1,,{},err__clc_fce__ea52c8b8d50b029b,needs_review,CLC code targets punctuation. Compound CLC label preserves nested or overlapping source annotation; review before using as a single category.
review__error_skill_mapping_review__df025cb83660115a,clc_fce,RP(IN),punctuation,clc_rp,ambiguous,1,,{},err__clc_fce__d9857e97f2e45842,needs_review,CLC code targets punctuation. Compound CLC label preserves nested or overlapping source annotation; review before using as a single category.
review__error_skill_mapping_review__55aa8496e4b0d273,clc_fce,RP(L),punctuation,clc_rp,ambiguous,1,,{},err__clc_fce__0b2c4c9c203a4df4,needs_review,CLC code targets punctuation. Compound CLC label preserves nested or overlapping source annotation; review before using as a single category.
review__error_skill_mapping_review__01951c5a74c3e06b,clc_fce,RP(MC),punctuation,clc_rp,ambiguous,1,,{},err__clc_fce__4ceb346813ac01e2,needs_review,CLC code targets punctuation. Compound CLC label preserves nested or overlapping source annotation; review before using as a single category.
review__error_skill_mapping_review__af22d6264e7b14ea,clc_fce,RP(MT),punctuation,clc_rp,ambiguous,1,,{},err__clc_fce__350e61849d7c2cc4,needs_review,CLC code targets punctuation. Compound CLC label preserves nested or overlapping source annotation; review before using as a single category.
review__error_skill_mapping_review__fa4ebf1163d95fa5,clc_fce,RP(RD),punctuation,clc_rp,ambiguous,1,,{},err__clc_fce__9d2c0b5bca27fabd,needs_review,CLC code targets punctuation. Compound CLC label preserves nested or overlapping source annotation; review before using as a single category.
review__error_skill_mapping_review__afeb4002412d9564,clc_fce,RP(RQ),punctuation,clc_rp,ambiguous,1,,{},err__clc_fce__1dd897a908bda41a,needs_review,CLC code targets punctuation. Compound CLC label preserves nested or overlapping source annotation; review before using as a single category.
review__error_skill_mapping_review__f1e32698e2a350b3,clc_fce,RP(UC),punctuation,clc_rp,ambiguous,1,,{},err__clc_fce__0438600534a113b4,needs_review,CLC code targets punctuation. Compound CLC label preserves nested or overlapping source annotation; review before using as a single category.
review__error_skill_mapping_review__c8d1ce767f07d506,clc_fce,RP(UC)(UP),punctuation,clc_rp,ambiguous,1,,{},err__clc_fce__496d86532e5d005e,needs_review,CLC code targets punctuation. Compound CLC label preserves nested or overlapping source annotation; review before using as a single category.
review__error_skill_mapping_review__d806ff050f486aa3,clc_fce,RP(UD),punctuation,clc_rp,ambiguous,1,,{},err__clc_fce__36ca04ac02b4f562,needs_review,CLC code targets punctuation. Compound CLC label preserves nested or overlapping source annotation; review before using as a single category.
review__error_skill_mapping_review__191d5d9ee96e6e28,clc_fce,RP(UN),punctuation,clc_rp,ambiguous,1,,{},err__clc_fce__42fdb6128ce6e017,needs_review,CLC code targets punctuation. Compound CLC label preserves nested or overlapping source annotation; review before using as a single category.
review__error_skill_mapping_review__65ecff168dca910d,clc_fce,RP(UP),punctuation,clc_rp,ambiguous,1,,{},err__clc_fce__413298867b57c155,needs_review,CLC code targets punctuation. Compound CLC label preserves nested or overlapping source annotation; review before using as a single category.
review__error_skill_mapping_review__796fb92ada1de125,clc_fce,RP(W),punctuation,clc_rp,ambiguous,1,,{},err__clc_fce__8e6014df54bd7f1a,needs_review,CLC code targets punctuation. Compound CLC label preserves nested or overlapping source annotation; review before using as a single category.
review__error_skill_mapping_review__a3aa76b015991c6a,clc_fce,RQ(SX),determiner,clc_rq,ambiguous,1,,{},err__clc_fce__36133cd48e907e58,needs_review,CLC code targets determiner or quantifier use. Compound CLC label preserves nested or overlapping source annotation; review before using as a single category.
review__error_skill_mapping_review__edaad171e5fd0f7d,clc_fce,RT(MP),preposition,clc_rt,ambiguous,1,,{},err__clc_fce__094e056139d851b5,needs_review,CLC code targets preposition use. Compound CLC label preserves nested or overlapping source annotation; review before using as a single category.
review__error_skill_mapping_review__1e2587b579148a8b,clc_fce,RV(FV(DV)),lexical_choice,clc_rv,ambiguous,1,,{},err__clc_fce__e8bd81e507641143,needs_review,CLC replace-verb label may be lexical rather than grammatical form; keep pending review. Compound CLC label preserves nested or overlapping source annotation; review before using as a single category.
review__error_skill_mapping_review__dd839d7a711794e3,clc_fce,RV(FV(S)),lexical_choice,clc_rv,ambiguous,1,,{},err__clc_fce__ffaec49e01a296a9,needs_review,CLC replace-verb label may be lexical rather than grammatical form; keep pending review. Compound CLC label preserves nested or overlapping source annotation; review before using as a single category.
review__error_skill_mapping_review__1fc50b8e64d271a2,clc_fce,RV(FV(SX)),lexical_choice,clc_rv,ambiguous,1,,{},err__clc_fce__2b7c4cc43064ee4e,needs_review,CLC replace-verb label may be lexical rather than grammatical form; keep pending review. Compound CLC label preserves nested or overlapping source annotation; review before using as a single category.
review__error_skill_mapping_review__81490fe4ce5b3237,clc_fce,RV(MP),lexical_choice,clc_rv,ambiguous,1,,{},err__clc_fce__e00a8426595652f1,needs_review,CLC replace-verb label may be lexical rather than grammatical form; keep pending review. Compound CLC label preserves nested or overlapping source annotation; review before using as a single category.
review__error_skill_mapping_review__c6c4fa203637b7a0,clc_fce,RV(RT),lexical_choice,clc_rv,ambiguous,1,,{},err__clc_fce__8b92392d702757ac,needs_review,CLC replace-verb label may be lexical rather than grammatical form; keep pending review. Compound CLC label preserves nested or overlapping source annotation; review before using as a single category.
review__error_skill_mapping_review__7b8e1540d55d1fea,clc_fce,RV(SX(S)),lexical_choice,clc_rv,ambiguous,1,,{},err__clc_fce__1ad468fae53080cb,needs_review,CLC replace-verb label may be lexical rather than grammatical form; keep pending review. Compound CLC label preserves nested or overlapping source annotation; review before using as a single category.
review__error_skill_mapping_review__2d4a098a3f543c81,clc_fce,RV(SX),lexical_choice,clc_rv,ambiguous,1,,{},err__clc_fce__8d21a581d1367253,needs_review,CLC replace-verb label may be lexical rather than grammatical form; keep pending review. Compound CLC label preserves nested or overlapping source annotation; review before using as a single category.
review__error_skill_mapping_review__74c9ef8e9519bea5,clc_fce,RV(TV(AGV)),lexical_choice,clc_rv,ambiguous,1,,{},err__clc_fce__f73f409f5c485255,needs_review,CLC replace-verb label may be lexical rather than grammatical form; keep pending review. Compound CLC label preserves nested or overlapping source annotation; review before using as a single category.
review__error_skill_mapping_review__0f30e9f177f3460a,clc_fce,RV(TV(DV)),lexical_choice,clc_rv,ambiguous,1,,{},err__clc_fce__49968e065920dbb0,needs_review,CLC replace-verb label may be lexical rather than grammatical form; keep pending review. Compound CLC label preserves nested or overlapping source annotation; review before using as a single category.
review__error_skill_mapping_review__ca22135d7b353a45,clc_fce,RV(TV(IV)),lexical_choice,clc_rv,ambiguous,1,,{},err__clc_fce__2330e98c0a149e8b,needs_review,CLC replace-verb label may be lexical rather than grammatical form; keep pending review. Compound CLC label preserves nested or overlapping source annotation; review before using as a single category.
review__error_skill_mapping_review__cb89072e6865d147,clc_fce,RV(UD)(RT),lexical_choice,clc_rv,ambiguous,1,,{},err__clc_fce__7bbb1d404351bd52,needs_review,CLC replace-verb label may be lexical rather than grammatical form; keep pending review. Compound CLC label preserves nested or overlapping source annotation; review before using as a single category.
review__error_skill_mapping_review__3afa4903f8d6658e,clc_fce,RV(UP),lexical_choice,clc_rv,ambiguous,1,,{},err__clc_fce__9197077c0c9041e9,needs_review,CLC replace-verb label may be lexical rather than grammatical form; keep pending review. Compound CLC label preserves nested or overlapping source annotation; review before using as a single category.
review__error_skill_mapping_review__2e5da67c901d0e62,clc_fce,RY(RT),adjective_adverb,clc_ry,ambiguous,1,,{},err__clc_fce__1d94d88f46b1a8d2,needs_review,CLC code targets adjective/adverb-class use. Compound CLC label preserves nested or overlapping source annotation; review before using as a single category.
review__error_skill_mapping_review__1004569660346409,clc_fce,RY(UD),adjective_adverb,clc_ry,ambiguous,1,,{},err__clc_fce__d994459cfa4cc2f1,needs_review,CLC code targets adjective/adverb-class use. Compound CLC label preserves nested or overlapping source annotation; review before using as a single category.
review__error_skill_mapping_review__691d5f3d3b7ab410,clc_fce,S(RP),spelling,clc_s,ambiguous,1,,{},err__clc_fce__c82fe93ac63681b1,needs_review,CLC code targets spelling. Compound CLC label preserves nested or overlapping source annotation; review before using as a single category.
review__error_skill_mapping_review__148cf28470478923,clc_fce,S(UP),spelling,clc_s,ambiguous,1,,{},err__clc_fce__0f9508255217ae2a,needs_review,CLC code targets spelling. Compound CLC label preserves nested or overlapping source annotation; review before using as a single category.
review__error_skill_mapping_review__49ff8d2f521e50e0,clc_fce,SA(DJ(UP)),article,clc_sa,ambiguous,1,,{},err__clc_fce__5e1cf692ba6f5cef,needs_review,CLC code targets article use. Compound CLC label preserves nested or overlapping source annotation; review before using as a single category.
review__error_skill_mapping_review__e5e7046c667be45f,clc_fce,SA(RP),article,clc_sa,ambiguous,1,,{},err__clc_fce__98d0fe803eba62ff,needs_review,CLC code targets article use. Compound CLC label preserves nested or overlapping source annotation; review before using as a single category.
review__error_skill_mapping_review__74138a0f0dca748e,clc_fce,SA(S),article,clc_sa,ambiguous,1,,{},err__clc_fce__ffce36bb9ca06400,needs_review,CLC code targets article use. Compound CLC label preserves nested or overlapping source annotation; review before using as a single category.
review__error_skill_mapping_review__caf2e7cc336e8b1d,clc_fce,SA(SA),article,clc_sa,ambiguous,1,,{},err__clc_fce__f709ec4d0482d768,needs_review,CLC code targets article use. Compound CLC label preserves nested or overlapping source annotation; review before using as a single category.
review__error_skill_mapping_review__7aabd65d48d325d6,clc_fce,SA(UP),article,clc_sa,ambiguous,1,,{},err__clc_fce__6faac4b476a415b4,needs_review,CLC code targets article use. Compound CLC label preserves nested or overlapping source annotation; review before using as a single category.
review__error_skill_mapping_review__a8c3fce42c9d5c6a,clc_fce,SX(MP),sentence_structure,clc_sx,ambiguous,1,,{},err__clc_fce__ddf40ee65d009ba5,needs_review,CLC sentence-level label is broader than a deterministic V1 grammar category. Compound CLC label preserves nested or overlapping source annotation; review before using as a single category.
review__error_skill_mapping_review__4e4507aa30342fd3,clc_fce,SX(RP),sentence_structure,clc_sx,ambiguous,1,,{},err__clc_fce__9388745fbbfde48c,needs_review,CLC sentence-level label is broader than a deterministic V1 grammar category. Compound CLC label preserves nested or overlapping source annotation; review before using as a single category.
review__error_skill_mapping_review__943975bda307057f,clc_fce,TV(AGV(S)),verb_tense,clc_tv,ambiguous,1,,{},err__clc_fce__c99138f99a502088,needs_review,CLC README defines TV as an incorrect tense-of-verb error. Compound CLC label preserves nested or overlapping source annotation; review before using as a single category.
review__error_skill_mapping_review__2fdc519b3e6666f4,clc_fce,TV(DY),verb_tense,clc_tv,ambiguous,1,,{},err__clc_fce__36cc8feb5a4d0e05,needs_review,CLC README defines TV as an incorrect tense-of-verb error. Compound CLC label preserves nested or overlapping source annotation; review before using as a single category.
review__error_skill_mapping_review__e1d22b9d08295ebe,clc_fce,TV(FV(S)),verb_tense,clc_tv,ambiguous,1,,{},err__clc_fce__6b94da9c4bb18a0c,needs_review,CLC README defines TV as an incorrect tense-of-verb error. Compound CLC label preserves nested or overlapping source annotation; review before using as a single category.
review__error_skill_mapping_review__891b4e0c1f68b49f,clc_fce,TV(FV),verb_tense,clc_tv,ambiguous,1,,{},err__clc_fce__ae9db6c860026853,needs_review,CLC README defines TV as an incorrect tense-of-verb error. Compound CLC label preserves nested or overlapping source annotation; review before using as a single category.
review__error_skill_mapping_review__b1ce823d17d7a951,clc_fce,TV(MA),verb_tense,clc_tv,ambiguous,1,,{},err__clc_fce__56aa778467532db0,needs_review,CLC README defines TV as an incorrect tense-of-verb error. Compound CLC label preserves nested or overlapping source annotation; review before using as a single category.
review__error_skill_mapping_review__01a60197ff914fdd,clc_fce,TV(MP),verb_tense,clc_tv,ambiguous,1,,{},err__clc_fce__3bf30a00ab042d4d,needs_review,CLC README defines TV as an incorrect tense-of-verb error. Compound CLC label preserves nested or overlapping source annotation; review before using as a single category.
review__error_skill_mapping_review__2cdadc24003291b8,clc_fce,TV(MV),verb_tense,clc_tv,ambiguous,1,,{},err__clc_fce__5bc30dcb4ceaf414,needs_review,CLC README defines TV as an incorrect tense-of-verb error. Compound CLC label preserves nested or overlapping source annotation; review before using as a single category.
review__error_skill_mapping_review__5b95397c86d045b7,clc_fce,TV(MY),verb_tense,clc_tv,ambiguous,1,,{},err__clc_fce__4d4414aecb2d0c29,needs_review,CLC README defines TV as an incorrect tense-of-verb error. Compound CLC label preserves nested or overlapping source annotation; review before using as a single category.
review__error_skill_mapping_review__93961a78c889423c,clc_fce,TV(RA),verb_tense,clc_tv,ambiguous,1,,{},err__clc_fce__e7a685edf9b1f87c,needs_review,CLC README defines TV as an incorrect tense-of-verb error. Compound CLC label preserves nested or overlapping source annotation; review before using as a single category.
review__error_skill_mapping_review__fc875824f4453197,clc_fce,TV(RN),verb_tense,clc_tv,ambiguous,1,,{},err__clc_fce__13072be075eef045,needs_review,CLC README defines TV as an incorrect tense-of-verb error. Compound CLC label preserves nested or overlapping source annotation; review before using as a single category.
review__error_skill_mapping_review__c33ccc7546244dea,clc_fce,TV(RV(IV)),verb_tense,clc_tv,ambiguous,1,,{},err__clc_fce__e7d0c31a41b57a7f,needs_review,CLC README defines TV as an incorrect tense-of-verb error. Compound CLC label preserves nested or overlapping source annotation; review before using as a single category.
review__error_skill_mapping_review__0f94b03e28b81c0c,clc_fce,TV(RY(DY)),verb_tense,clc_tv,ambiguous,1,,{},err__clc_fce__6b5a444e781542e3,needs_review,CLC README defines TV as an incorrect tense-of-verb error. Compound CLC label preserves nested or overlapping source annotation; review before using as a single category.
review__error_skill_mapping_review__3d4af2f2efc96ff7,clc_fce,TV(SA(S)),verb_tense,clc_tv,ambiguous,1,,{},err__clc_fce__97ce81409bdd9b56,needs_review,CLC README defines TV as an incorrect tense-of-verb error. Compound CLC label preserves nested or overlapping source annotation; review before using as a single category.
review__error_skill_mapping_review__f7a3a04fa8971d43,clc_fce,TV(UT)(S),verb_tense,clc_tv,ambiguous,1,,{},err__clc_fce__3ed0e6298ecbb0dc,needs_review,CLC README defines TV as an incorrect tense-of-verb error. Compound CLC label preserves nested or overlapping source annotation; review before using as a single category.
review__error_skill_mapping_review__fcf91b1506cf946e,clc_fce,TV(W)(RN),verb_tense,clc_tv,ambiguous,1,,{},err__clc_fce__5c8f408b788b80a1,needs_review,CLC README defines TV as an incorrect tense-of-verb error. Compound CLC label preserves nested or overlapping source annotation; review before using as a single category.
review__error_skill_mapping_review__86a1264f574e7ce2,clc_fce,U(AGN),other,clc_u,ambiguous,1,,{},err__clc_fce__5353428ee8b1900a,needs_review,CLC operation-only label lacks a word-class target. Compound CLC label preserves nested or overlapping source annotation; review before using as a single category.
review__error_skill_mapping_review__98703e933fd6bc44,clc_fce,U(DA),other,clc_u,ambiguous,1,,{},err__clc_fce__b5865fb7d7537c27,needs_review,CLC operation-only label lacks a word-class target. Compound CLC label preserves nested or overlapping source annotation; review before using as a single category.
review__error_skill_mapping_review__89cb410f5d5bff68,clc_fce,U(DJ),other,clc_u,ambiguous,1,,{},err__clc_fce__974237cfd20265d0,needs_review,CLC operation-only label lacks a word-class target. Compound CLC label preserves nested or overlapping source annotation; review before using as a single category.
review__error_skill_mapping_review__5b9b8f1c791d0b68,clc_fce,U(MD)(SX),other,clc_u,ambiguous,1,,{},err__clc_fce__d5ea4961f897b51d,needs_review,CLC operation-only label lacks a word-class target. Compound CLC label preserves nested or overlapping source annotation; review before using as a single category.
review__error_skill_mapping_review__1ef62150d0244ce5,clc_fce,U(MP),other,clc_u,ambiguous,1,,{},err__clc_fce__5db0d419e784245a,needs_review,CLC operation-only label lacks a word-class target. Compound CLC label preserves nested or overlapping source annotation; review before using as a single category.
review__error_skill_mapping_review__da83e416eb4779c0,clc_fce,U(RN),other,clc_u,ambiguous,1,,{},err__clc_fce__5986db5204a8d1ba,needs_review,CLC operation-only label lacks a word-class target. Compound CLC label preserves nested or overlapping source annotation; review before using as a single category.
review__error_skill_mapping_review__3baf420a18d07a9b,clc_fce,U(RT),other,clc_u,ambiguous,1,,{},err__clc_fce__b6e082dc80ce2075,needs_review,CLC operation-only label lacks a word-class target. Compound CLC label preserves nested or overlapping source annotation; review before using as a single category.
review__error_skill_mapping_review__2b227d764b8eaec9,clc_fce,U(RT)(MD),other,clc_u,ambiguous,1,,{},err__clc_fce__d9d0d0672537f5dc,needs_review,CLC operation-only label lacks a word-class target. Compound CLC label preserves nested or overlapping source annotation; review before using as a single category.
review__error_skill_mapping_review__4cc1f4c26b8502ba,clc_fce,U(SX),other,clc_u,ambiguous,1,,{},err__clc_fce__8ff9d9de7a669139,needs_review,CLC operation-only label lacks a word-class target. Compound CLC label preserves nested or overlapping source annotation; review before using as a single category.
review__error_skill_mapping_review__174f3a91561ef947,clc_fce,UA(DA),article,clc_ua,ambiguous,1,,{},err__clc_fce__e8151687267e773d,needs_review,CLC code targets article use. Compound CLC label preserves nested or overlapping source annotation; review before using as a single category.
review__error_skill_mapping_review__de569b6f66a4014d,clc_fce,UA(RP),article,clc_ua,ambiguous,1,,{},err__clc_fce__f57658b64e395199,needs_review,CLC code targets article use. Compound CLC label preserves nested or overlapping source annotation; review before using as a single category.
review__error_skill_mapping_review__855dcdaeed568bc0,clc_fce,UA(TV),article,clc_ua,ambiguous,1,,{},err__clc_fce__0ccce23d9cf2a2fe,needs_review,CLC code targets article use. Compound CLC label preserves nested or overlapping source annotation; review before using as a single category.
review__error_skill_mapping_review__ac4f8c0f10b31d8a,clc_fce,UC(RP),conjunction_clause,clc_uc,ambiguous,1,,{},err__clc_fce__319e1498a96f2a75,needs_review,CLC code targets a conjunction/clause-linking class; keep pending review. Compound CLC label preserves nested or overlapping source annotation; review before using as a single category.
review__error_skill_mapping_review__619d47467b026980,clc_fce,UD(RP),determiner,clc_ud,ambiguous,1,,{},err__clc_fce__220fa43759a47152,needs_review,CLC code targets determiner or quantifier use. Compound CLC label preserves nested or overlapping source annotation; review before using as a single category.
review__error_skill_mapping_review__31d82dd754696695,clc_fce,UD(W),determiner,clc_ud,ambiguous,1,,{},err__clc_fce__39474a49d0262772,needs_review,CLC code targets determiner or quantifier use. Compound CLC label preserves nested or overlapping source annotation; review before using as a single category.
review__error_skill_mapping_review__535e4d2498aea564,clc_fce,UJ(IJ),adjective_adverb,clc_uj,ambiguous,1,,{},err__clc_fce__a940bb8d5298dea5,needs_review,CLC code targets adjective/adverb-class use. Compound CLC label preserves nested or overlapping source annotation; review before using as a single category.
review__error_skill_mapping_review__280c989f5dfb7892,clc_fce,UJ(S),adjective_adverb,clc_uj,ambiguous,1,,{},err__clc_fce__775797814ce5a131,needs_review,CLC code targets adjective/adverb-class use. Compound CLC label preserves nested or overlapping source annotation; review before using as a single category.
review__error_skill_mapping_review__f40a9b4e89bb610e,clc_fce,UJ(SA),adjective_adverb,clc_uj,ambiguous,1,,{},err__clc_fce__05c49888167c7683,needs_review,CLC code targets adjective/adverb-class use. Compound CLC label preserves nested or overlapping source annotation; review before using as a single category.
review__error_skill_mapping_review__54d30819318a032d,clc_fce,UN(IN),other,clc_un,ambiguous,1,,{},err__clc_fce__f60572dd9a6f8527,needs_review,CLC noun-class operation is too broad for a V1 grammar category. Compound CLC label preserves nested or overlapping source annotation; review before using as a single category.
review__error_skill_mapping_review__be9d20a6955838a7,clc_fce,UN(RP),other,clc_un,ambiguous,1,,{},err__clc_fce__f18885d3f08405c5,needs_review,CLC noun-class operation is too broad for a V1 grammar category. Compound CLC label preserves nested or overlapping source annotation; review before using as a single category.
review__error_skill_mapping_review__70ab41610332def1,clc_fce,UN(UP),other,clc_un,ambiguous,1,,{},err__clc_fce__1f5b2d449cd201e1,needs_review,CLC noun-class operation is too broad for a V1 grammar category. Compound CLC label preserves nested or overlapping source annotation; review before using as a single category.
review__error_skill_mapping_review__a45e4777624aaec8,clc_fce,UP(DJ),punctuation,clc_up,ambiguous,1,,{},err__clc_fce__25d825c060536368,needs_review,CLC code targets punctuation. Compound CLC label preserves nested or overlapping source annotation; review before using as a single category.
review__error_skill_mapping_review__c6b26ac7f0e380fc,clc_fce,UP(DN),punctuation,clc_up,ambiguous,1,,{},err__clc_fce__7c0d8fd9c961aee0,needs_review,CLC code targets punctuation. Compound CLC label preserves nested or overlapping source annotation; review before using as a single category.
review__error_skill_mapping_review__958a63e2f4698a97,clc_fce,UP(DY),punctuation,clc_up,ambiguous,1,,{},err__clc_fce__5c5fa0029cc7576c,needs_review,CLC code targets punctuation. Compound CLC label preserves nested or overlapping source annotation; review before using as a single category.
review__error_skill_mapping_review__2d87a6b1def7c839,clc_fce,UP(FJ),punctuation,clc_up,ambiguous,1,,{},err__clc_fce__ea78c460d91ce2fc,needs_review,CLC code targets punctuation. Compound CLC label preserves nested or overlapping source annotation; review before using as a single category.
review__error_skill_mapping_review__f75d6cc581c5eb70,clc_fce,UP(FN),punctuation,clc_up,ambiguous,1,,{},err__clc_fce__ad55b4221cbd75e1,needs_review,CLC code targets punctuation. Compound CLC label preserves nested or overlapping source annotation; review before using as a single category.
review__error_skill_mapping_review__04244a89fe8f98f4,clc_fce,UP(FV(S)),punctuation,clc_up,ambiguous,1,,{},err__clc_fce__aa4b6f045dafc9c2,needs_review,CLC code targets punctuation. Compound CLC label preserves nested or overlapping source annotation; review before using as a single category.
review__error_skill_mapping_review__37a0316197d0e253,clc_fce,UP(FV),punctuation,clc_up,ambiguous,1,,{},err__clc_fce__935d6121f9ab535e,needs_review,CLC code targets punctuation. Compound CLC label preserves nested or overlapping source annotation; review before using as a single category.
review__error_skill_mapping_review__98f8cb63b7511773,clc_fce,UP(MT),punctuation,clc_up,ambiguous,1,,{},err__clc_fce__80e685b5ec7a386b,needs_review,CLC code targets punctuation. Compound CLC label preserves nested or overlapping source annotation; review before using as a single category.
review__error_skill_mapping_review__fc8034a46bb1ef0c,clc_fce,UP(RN),punctuation,clc_up,ambiguous,1,,{},err__clc_fce__3fbc5747b918021a,needs_review,CLC code targets punctuation. Compound CLC label preserves nested or overlapping source annotation; review before using as a single category.
review__error_skill_mapping_review__0c546c29122031b6,clc_fce,UP(RP),punctuation,clc_up,ambiguous,1,,{},err__clc_fce__e18bc003906d9454,needs_review,CLC code targets punctuation. Compound CLC label preserves nested or overlapping source annotation; review before using as a single category.
review__error_skill_mapping_review__8f96c3cec5a5700a,clc_fce,UP(RV),punctuation,clc_up,ambiguous,1,,{},err__clc_fce__c364f2ff3b1831a4,needs_review,CLC code targets punctuation. Compound CLC label preserves nested or overlapping source annotation; review before using as a single category.
review__error_skill_mapping_review__66a95422fa19f792,clc_fce,UP(RY(DY)),punctuation,clc_up,ambiguous,1,,{},err__clc_fce__592a9ec1f5f8a289,needs_review,CLC code targets punctuation. Compound CLC label preserves nested or overlapping source annotation; review before using as a single category.
review__error_skill_mapping_review__7d524ccdbb0f5108,clc_fce,UQ(S),determiner,clc_uq,ambiguous,1,,{},err__clc_fce__32d07ef093fecdf7,needs_review,CLC code targets determiner or quantifier use. Compound CLC label preserves nested or overlapping source annotation; review before using as a single category.
review__error_skill_mapping_review__c3e11f064730c6fc,clc_fce,UT(DY),preposition,clc_ut,ambiguous,1,,{},err__clc_fce__89cd649394c63cd1,needs_review,CLC code targets preposition use. Compound CLC label preserves nested or overlapping source annotation; review before using as a single category.
review__error_skill_mapping_review__73e322daba096a7f,clc_fce,UT(FV),preposition,clc_ut,ambiguous,1,,{},err__clc_fce__17a15dd4b4405330,needs_review,CLC code targets preposition use. Compound CLC label preserves nested or overlapping source annotation; review before using as a single category.
review__error_skill_mapping_review__41b4538bbd05c059,clc_fce,UT(RP),preposition,clc_ut,ambiguous,1,,{},err__clc_fce__1082e9a75505c6ba,needs_review,CLC code targets preposition use. Compound CLC label preserves nested or overlapping source annotation; review before using as a single category.
review__error_skill_mapping_review__c514894a69c62b96,clc_fce,UT(S),preposition,clc_ut,ambiguous,1,,{},err__clc_fce__56d147cbc3869385,needs_review,CLC code targets preposition use. Compound CLC label preserves nested or overlapping source annotation; review before using as a single category.
review__error_skill_mapping_review__d8aa9dc1cb7e3048,clc_fce,UT(SX),preposition,clc_ut,ambiguous,1,,{},err__clc_fce__6759feac174c6d2b,needs_review,CLC code targets preposition use. Compound CLC label preserves nested or overlapping source annotation; review before using as a single category.
review__error_skill_mapping_review__9847b234eb4b415a,clc_fce,UV(AGV),sentence_structure,clc_uv,ambiguous,1,,{},err__clc_fce__8263c80f1e7ea2b9,needs_review,CLC missing/unnecessary verb label affects clause structure; keep pending review. Compound CLC label preserves nested or overlapping source annotation; review before using as a single category.
review__error_skill_mapping_review__e37326fc7ae7141b,clc_fce,UV(RV),sentence_structure,clc_uv,ambiguous,1,,{},err__clc_fce__20ac9f17bcc1bb4f,needs_review,CLC missing/unnecessary verb label affects clause structure; keep pending review. Compound CLC label preserves nested or overlapping source annotation; review before using as a single category.
review__error_skill_mapping_review__c0be34e2af2ed80f,clc_fce,UV(S),sentence_structure,clc_uv,ambiguous,1,,{},err__clc_fce__0f01cdc219f38262,needs_review,CLC missing/unnecessary verb label affects clause structure; keep pending review. Compound CLC label preserves nested or overlapping source annotation; review before using as a single category.
review__error_skill_mapping_review__3df1d564f0903668,clc_fce,UV(UP),sentence_structure,clc_uv,ambiguous,1,,{},err__clc_fce__1c97aec30f3c5128,needs_review,CLC missing/unnecessary verb label affects clause structure; keep pending review. Compound CLC label preserves nested or overlapping source annotation; review before using as a single category.
review__error_skill_mapping_review__15b173719ba7b1e1,clc_fce,UY(DY),adjective_adverb,clc_uy,ambiguous,1,,{},err__clc_fce__9fad4bcf8a8ba59d,needs_review,CLC code targets adjective/adverb-class use. Compound CLC label preserves nested or overlapping source annotation; review before using as a single category.
review__error_skill_mapping_review__d960459a5d19dd3f,clc_fce,UY(TV),adjective_adverb,clc_uy,ambiguous,1,,{},err__clc_fce__5c7306e1f9ea34a1,needs_review,CLC code targets adjective/adverb-class use. Compound CLC label preserves nested or overlapping source annotation; review before using as a single category.
review__error_skill_mapping_review__57e96fcc3cc7bac7,clc_fce,W(AGD)(FN)(RP)(MD)(M)(MT),word_order,clc_w,ambiguous,1,,{},err__clc_fce__4ff67761528aecf5,needs_review,CLC code targets word order. Compound CLC label preserves nested or overlapping source annotation; review before using as a single category.
review__error_skill_mapping_review__a694066cda4e1832,clc_fce,W(AGN(S))(MD),word_order,clc_w,ambiguous,1,,{},err__clc_fce__227fe23da5c039ef,needs_review,CLC code targets word order. Compound CLC label preserves nested or overlapping source annotation; review before using as a single category.
review__error_skill_mapping_review__a3f042e4ee0382ac,clc_fce,W(AGN)(R),word_order,clc_w,ambiguous,1,,{},err__clc_fce__24cb2bf704fd887f,needs_review,CLC code targets word order. Compound CLC label preserves nested or overlapping source annotation; review before using as a single category.
review__error_skill_mapping_review__04048d330789db75,clc_fce,W(AGV)(FN),word_order,clc_w,ambiguous,1,,{},err__clc_fce__2866fb907175d704,needs_review,CLC code targets word order. Compound CLC label preserves nested or overlapping source annotation; review before using as a single category.
review__error_skill_mapping_review__4187a9c3f657522c,clc_fce,W(AGV)(MD)(FN),word_order,clc_w,ambiguous,1,,{},err__clc_fce__359035e06d3d20b6,needs_review,CLC code targets word order. Compound CLC label preserves nested or overlapping source annotation; review before using as a single category.
review__error_skill_mapping_review__c308182f111a285c,clc_fce,W(AGV)(RN),word_order,clc_w,ambiguous,1,,{},err__clc_fce__45d6c4089bdfbc4c,needs_review,CLC code targets word order. Compound CLC label preserves nested or overlapping source annotation; review before using as a single category.
review__error_skill_mapping_review__e0a63f9a19600bcc,clc_fce,W(AGV)(S),word_order,clc_w,ambiguous,1,,{},err__clc_fce__a7d46e35b24f9b30,needs_review,CLC code targets word order. Compound CLC label preserves nested or overlapping source annotation; review before using as a single category.
review__error_skill_mapping_review__0f695e5e07df807c,clc_fce,W(AGV)(SA),word_order,clc_w,ambiguous,1,,{},err__clc_fce__10f5f44655d620ab,needs_review,CLC code targets word order. Compound CLC label preserves nested or overlapping source annotation; review before using as a single category.
review__error_skill_mapping_review__7f69b82f21b4e290,clc_fce,W(AS)(RN),word_order,clc_w,ambiguous,1,,{},err__clc_fce__aac17a3d78be31e8,needs_review,CLC code targets word order. Compound CLC label preserves nested or overlapping source annotation; review before using as a single category.
review__error_skill_mapping_review__ba0283fdb6021103,clc_fce,W(CN),word_order,clc_w,ambiguous,1,,{},err__clc_fce__29067d5b7d8c236d,needs_review,CLC code targets word order. Compound CLC label preserves nested or overlapping source annotation; review before using as a single category.
review__error_skill_mapping_review__50eeaae006fc56c7,clc_fce,W(DA)(MD),word_order,clc_w,ambiguous,1,,{},err__clc_fce__f2160dce6a689573,needs_review,CLC code targets word order. Compound CLC label preserves nested or overlapping source annotation; review before using as a single category.
review__error_skill_mapping_review__b5cf54f40177e3c7,clc_fce,W(DA)(MV),word_order,clc_w,ambiguous,1,,{},err__clc_fce__0347e192fa1408ec,needs_review,CLC code targets word order. Compound CLC label preserves nested or overlapping source annotation; review before using as a single category.
review__error_skill_mapping_review__232acf7c7225ffe2,clc_fce,W(DI)(MY),word_order,clc_w,ambiguous,1,,{},err__clc_fce__517ad2f1fd3eb4f6,needs_review,CLC code targets word order. Compound CLC label preserves nested or overlapping source annotation; review before using as a single category.
review__error_skill_mapping_review__ff61dad00d3c66cd,clc_fce,W(DJ)(AGN),word_order,clc_w,ambiguous,1,,{},err__clc_fce__47e3c7e0884c2607,needs_review,CLC code targets word order. Compound CLC label preserves nested or overlapping source annotation; review before using as a single category.
review__error_skill_mapping_review__3988de8ebf03c305,clc_fce,W(DJ)(MD),word_order,clc_w,ambiguous,1,,{},err__clc_fce__95e91993477d73df,needs_review,CLC code targets word order. Compound CLC label preserves nested or overlapping source annotation; review before using as a single category.
review__error_skill_mapping_review__7e70dc5854bcfeb0,clc_fce,W(DY),word_order,clc_w,ambiguous,1,,{},err__clc_fce__413e6d4009f1bb95,needs_review,CLC code targets word order. Compound CLC label preserves nested or overlapping source annotation; review before using as a single category.
review__error_skill_mapping_review__1de6c346ea96b243,clc_fce,W(DY)(FV),word_order,clc_w,ambiguous,1,,{},err__clc_fce__8a03ec1af85892d1,needs_review,CLC code targets word order. Compound CLC label preserves nested or overlapping source annotation; review before using as a single category.
review__error_skill_mapping_review__7bd49e9a9bc1c443,clc_fce,W(DY)(RV)(MQ)(S),word_order,clc_w,ambiguous,1,,{},err__clc_fce__16c813f72e9c4dff,needs_review,CLC code targets word order. Compound CLC label preserves nested or overlapping source annotation; review before using as a single category.
review__error_skill_mapping_review__55e9cbe29a6694f3,clc_fce,W(DY)(UD),word_order,clc_w,ambiguous,1,,{},err__clc_fce__cd2943630e3fb0ef,needs_review,CLC code targets word order. Compound CLC label preserves nested or overlapping source annotation; review before using as a single category.
review__error_skill_mapping_review__f9986a5c5f019af5,clc_fce,W(FD),word_order,clc_w,ambiguous,1,,{},err__clc_fce__2a87df17076e20c5,needs_review,CLC code targets word order. Compound CLC label preserves nested or overlapping source annotation; review before using as a single category.
review__error_skill_mapping_review__d7b0be9c8443f570,clc_fce,W(FJ),word_order,clc_w,ambiguous,1,,{},err__clc_fce__19f0108cc9940534,needs_review,CLC code targets word order. Compound CLC label preserves nested or overlapping source annotation; review before using as a single category.
review__error_skill_mapping_review__93be65dda1788935,clc_fce,W(FJ)(RN),word_order,clc_w,ambiguous,1,,{},err__clc_fce__d8a0aa5f310ff933,needs_review,CLC code targets word order. Compound CLC label preserves nested or overlapping source annotation; review before using as a single category.
review__error_skill_mapping_review__aae3fb4235bd05b1,clc_fce,W(FV(RV)),word_order,clc_w,ambiguous,1,,{},err__clc_fce__05672417d7a4ec0f,needs_review,CLC code targets word order. Compound CLC label preserves nested or overlapping source annotation; review before using as a single category.
review__error_skill_mapping_review__7a5d569908086e83,clc_fce,W(FV(UP))(CN(S)),word_order,clc_w,ambiguous,1,,{},err__clc_fce__0580fe2b73bfb3de,needs_review,CLC code targets word order. Compound CLC label preserves nested or overlapping source annotation; review before using as a single category.
review__error_skill_mapping_review__861d2d39619ab03c,clc_fce,W(FV)(MD)(IN),word_order,clc_w,ambiguous,1,,{},err__clc_fce__373ab1637fe5cb25,needs_review,CLC code targets word order. Compound CLC label preserves nested or overlapping source annotation; review before using as a single category.
review__error_skill_mapping_review__8acf5b285201831d,clc_fce,W(FV)(MT)(IQ),word_order,clc_w,ambiguous,1,,{},err__clc_fce__309568fb43dab84c,needs_review,CLC code targets word order. Compound CLC label preserves nested or overlapping source annotation; review before using as a single category.
review__error_skill_mapping_review__10f571c4ad1f6beb,clc_fce,W(FV)(RJ)(R)(MD),word_order,clc_w,ambiguous,1,,{},err__clc_fce__7731167425047863,needs_review,CLC code targets word order. Compound CLC label preserves nested or overlapping source annotation; review before using as a single category.
review__error_skill_mapping_review__3e80f5028e003016,clc_fce,W(FV)(U),word_order,clc_w,ambiguous,1,,{},err__clc_fce__972f77065bcbabe6,needs_review,CLC code targets word order. Compound CLC label preserves nested or overlapping source annotation; review before using as a single category.
review__error_skill_mapping_review__ae4e9b52359e3614,clc_fce,W(FY),word_order,clc_w,ambiguous,1,,{},err__clc_fce__3c60824698387974,needs_review,CLC code targets word order. Compound CLC label preserves nested or overlapping source annotation; review before using as a single category.
review__error_skill_mapping_review__2a07f58adc157880,clc_fce,W(FY)(SX),word_order,clc_w,ambiguous,1,,{},err__clc_fce__4ccf6d45bd203162,needs_review,CLC code targets word order. Compound CLC label preserves nested or overlapping source annotation; review before using as a single category.
review__error_skill_mapping_review__cdeb86f1ad779cb2,clc_fce,W(IN),word_order,clc_w,ambiguous,1,,{},err__clc_fce__5b76327323d4ef7e,needs_review,CLC code targets word order. Compound CLC label preserves nested or overlapping source annotation; review before using as a single category.
review__error_skill_mapping_review__21085a9812a92234,clc_fce,W(IV)(MP),word_order,clc_w,ambiguous,1,,{},err__clc_fce__056d64e1920941b3,needs_review,CLC code targets word order. Compound CLC label preserves nested or overlapping source annotation; review before using as a single category.
review__error_skill_mapping_review__ebde0d8c6e6e8a6a,clc_fce,W(IV)(RN),word_order,clc_w,ambiguous,1,,{},err__clc_fce__a1534c2381d1050c,needs_review,CLC code targets word order. Compound CLC label preserves nested or overlapping source annotation; review before using as a single category.
review__error_skill_mapping_review__360514a2c7be64a1,clc_fce,W(IV)(RY),word_order,clc_w,ambiguous,1,,{},err__clc_fce__762b0f493c9f1b19,needs_review,CLC code targets word order. Compound CLC label preserves nested or overlapping source annotation; review before using as a single category.
review__error_skill_mapping_review__4251082f11926f41,clc_fce,W(L),word_order,clc_w,ambiguous,1,,{},err__clc_fce__10ca1667f2e73b83,needs_review,CLC code targets word order. Compound CLC label preserves nested or overlapping source annotation; review before using as a single category.
review__error_skill_mapping_review__1f90e398eb43ce8e,clc_fce,W(L)(MA)(TV),word_order,clc_w,ambiguous,1,,{},err__clc_fce__743d277f54000230,needs_review,CLC code targets word order. Compound CLC label preserves nested or overlapping source annotation; review before using as a single category.
review__error_skill_mapping_review__ad2f15983d2910ca,clc_fce,W(MA)(MV)(RT)(FN),word_order,clc_w,ambiguous,1,,{},err__clc_fce__bb91e7f4fe806132,needs_review,CLC code targets word order. Compound CLC label preserves nested or overlapping source annotation; review before using as a single category.
review__error_skill_mapping_review__412360390877db46,clc_fce,W(MA)(RP)(FV),word_order,clc_w,ambiguous,1,,{},err__clc_fce__d9515d69ecc36737,needs_review,CLC code targets word order. Compound CLC label preserves nested or overlapping source annotation; review before using as a single category.
review__error_skill_mapping_review__9dde3070bb900341,clc_fce,W(MA)(TV),word_order,clc_w,ambiguous,1,,{},err__clc_fce__6e15490702259ba1,needs_review,CLC code targets word order. Compound CLC label preserves nested or overlapping source annotation; review before using as a single category.
review__error_skill_mapping_review__0210d99470ff29bd,clc_fce,W(MD)(CN),word_order,clc_w,ambiguous,1,,{},err__clc_fce__af9847e2f0d3e3d9,needs_review,CLC code targets word order. Compound CLC label preserves nested or overlapping source annotation; review before using as a single category.
review__error_skill_mapping_review__d0885652ffd7c6c5,clc_fce,W(MD)(DN)(SX),word_order,clc_w,ambiguous,1,,{},err__clc_fce__54c6d5c76d498076,needs_review,CLC code targets word order. Compound CLC label preserves nested or overlapping source annotation; review before using as a single category.
review__error_skill_mapping_review__8a1fdb349e8a1b59,clc_fce,W(MD)(FV(S)),word_order,clc_w,ambiguous,1,,{},err__clc_fce__d2ef73e0662e4468,needs_review,CLC code targets word order. Compound CLC label preserves nested or overlapping source annotation; review before using as a single category.
review__error_skill_mapping_review__29babe747f48ae24,clc_fce,W(MD)(RJ)(RT),word_order,clc_w,ambiguous,1,,{},err__clc_fce__13644b0d805aac8c,needs_review,CLC code targets word order. Compound CLC label preserves nested or overlapping source annotation; review before using as a single category.
review__error_skill_mapping_review__07118fc53ed625b5,clc_fce,W(MD)(RN),word_order,clc_w,ambiguous,1,,{},err__clc_fce__0b2841adccb9ffc2,needs_review,CLC code targets word order. Compound CLC label preserves nested or overlapping source annotation; review before using as a single category.
review__error_skill_mapping_review__78c7de3d3c5b6b64,clc_fce,W(MD)(S),word_order,clc_w,ambiguous,1,,{},err__clc_fce__904314e4dea77013,needs_review,CLC code targets word order. Compound CLC label preserves nested or overlapping source annotation; review before using as a single category.
review__error_skill_mapping_review__7077f4cec0ef4b3c,clc_fce,W(MP)(UT),word_order,clc_w,ambiguous,1,,{},err__clc_fce__a3bce877a733d2a4,needs_review,CLC code targets word order. Compound CLC label preserves nested or overlapping source annotation; review before using as a single category.
review__error_skill_mapping_review__1c01a66bb1160afb,clc_fce,W(MQ),word_order,clc_w,ambiguous,1,,{},err__clc_fce__4f301b4b4691284b,needs_review,CLC code targets word order. Compound CLC label preserves nested or overlapping source annotation; review before using as a single category.
review__error_skill_mapping_review__e22067d6dc5bb215,clc_fce,W(MT)(MD),word_order,clc_w,ambiguous,1,,{},err__clc_fce__53143863f7946174,needs_review,CLC code targets word order. Compound CLC label preserves nested or overlapping source annotation; review before using as a single category.
review__error_skill_mapping_review__dc521f67cbba959f,clc_fce,W(MT)(RD),word_order,clc_w,ambiguous,1,,{},err__clc_fce__91a47a06f423dd1e,needs_review,CLC code targets word order. Compound CLC label preserves nested or overlapping source annotation; review before using as a single category.
review__error_skill_mapping_review__615fb810ae94efb3,clc_fce,W(MT)(TV)(RV(TV)),word_order,clc_w,ambiguous,1,,{},err__clc_fce__879800e36a70ffbe,needs_review,CLC code targets word order. Compound CLC label preserves nested or overlapping source annotation; review before using as a single category.
review__error_skill_mapping_review__4cad8e9626cf83e8,clc_fce,W(MV),word_order,clc_w,ambiguous,1,,{},err__clc_fce__9edae4b03ead4070,needs_review,CLC code targets word order. Compound CLC label preserves nested or overlapping source annotation; review before using as a single category.
review__error_skill_mapping_review__0643a9fce75c5ca7,clc_fce,W(MY)(MN),word_order,clc_w,ambiguous,1,,{},err__clc_fce__03c97277cfb1710e,needs_review,CLC code targets word order. Compound CLC label preserves nested or overlapping source annotation; review before using as a single category.
review__error_skill_mapping_review__6456cd09fad92bbb,clc_fce,W(R(IJ)),word_order,clc_w,ambiguous,1,,{},err__clc_fce__5dbfda83f43d9fbd,needs_review,CLC code targets word order. Compound CLC label preserves nested or overlapping source annotation; review before using as a single category.
review__error_skill_mapping_review__84ec81dd14670848,clc_fce,W(R)(CN),word_order,clc_w,ambiguous,1,,{},err__clc_fce__f915e2db3f5a36d4,needs_review,CLC code targets word order. Compound CLC label preserves nested or overlapping source annotation; review before using as a single category.
review__error_skill_mapping_review__eca2bc7b48adeec1,clc_fce,W(R)(RA)(RV)(FV)(TV)(IV),word_order,clc_w,ambiguous,1,,{},err__clc_fce__5ba02603f9c0bf94,needs_review,CLC code targets word order. Compound CLC label preserves nested or overlapping source annotation; review before using as a single category.
review__error_skill_mapping_review__b79ec900755e4f2b,clc_fce,W(R)(UP)(RN),word_order,clc_w,ambiguous,1,,{},err__clc_fce__d7102d88ab31a0f3,needs_review,CLC code targets word order. Compound CLC label preserves nested or overlapping source annotation; review before using as a single category.
review__error_skill_mapping_review__affc55d9ce7147a2,clc_fce,W(RA)(MD),word_order,clc_w,ambiguous,1,,{},err__clc_fce__bc2b35cdf4f8acb3,needs_review,CLC code targets word order. Compound CLC label preserves nested or overlapping source annotation; review before using as a single category.
review__error_skill_mapping_review__6990e0c43233516d,clc_fce,W(RA)(RD),word_order,clc_w,ambiguous,1,,{},err__clc_fce__ce2b44657d1153d8,needs_review,CLC code targets word order. Compound CLC label preserves nested or overlapping source annotation; review before using as a single category.
review__error_skill_mapping_review__78a92469618db433,clc_fce,W(RD)(FN),word_order,clc_w,ambiguous,1,,{},err__clc_fce__0ac673c0bd03e691,needs_review,CLC code targets word order. Compound CLC label preserves nested or overlapping source annotation; review before using as a single category.
review__error_skill_mapping_review__607d61209eaf0306,clc_fce,W(RD)(RN),word_order,clc_w,ambiguous,1,,{},err__clc_fce__a5d47a0fd2869910,needs_review,CLC code targets word order. Compound CLC label preserves nested or overlapping source annotation; review before using as a single category.
review__error_skill_mapping_review__f6711f35b93916e5,clc_fce,W(RJ)(MY),word_order,clc_w,ambiguous,1,,{},err__clc_fce__f2fc418cc53519ea,needs_review,CLC code targets word order. Compound CLC label preserves nested or overlapping source annotation; review before using as a single category.
review__error_skill_mapping_review__9302c50ed4da67e8,clc_fce,W(RJ)(RN),word_order,clc_w,ambiguous,1,,{},err__clc_fce__5b3db47058c13c2d,needs_review,CLC code targets word order. Compound CLC label preserves nested or overlapping source annotation; review before using as a single category.
review__error_skill_mapping_review__313021f3018c7b3f,clc_fce,W(RJ)(RY(S)),word_order,clc_w,ambiguous,1,,{},err__clc_fce__d850a2b83d313c2e,needs_review,CLC code targets word order. Compound CLC label preserves nested or overlapping source annotation; review before using as a single category.
review__error_skill_mapping_review__c8a64a517d3f730e,clc_fce,W(RN(S)),word_order,clc_w,ambiguous,1,,{},err__clc_fce__2ba60130784541ce,needs_review,CLC code targets word order. Compound CLC label preserves nested or overlapping source annotation; review before using as a single category.
review__error_skill_mapping_review__d0181da34385899f,clc_fce,W(RN)(AGN),word_order,clc_w,ambiguous,1,,{},err__clc_fce__54c9da0fd327aacc,needs_review,CLC code targets word order. Compound CLC label preserves nested or overlapping source annotation; review before using as a single category.
review__error_skill_mapping_review__26671af92d7a0443,clc_fce,W(RN)(FN),word_order,clc_w,ambiguous,1,,{},err__clc_fce__1b39c3a45615e55d,needs_review,CLC code targets word order. Compound CLC label preserves nested or overlapping source annotation; review before using as a single category.
review__error_skill_mapping_review__06bf42614923cdfb,clc_fce,W(RN)(MD),word_order,clc_w,ambiguous,1,,{},err__clc_fce__b0ff55010ce07667,needs_review,CLC code targets word order. Compound CLC label preserves nested or overlapping source annotation; review before using as a single category.
review__error_skill_mapping_review__f895600315929c3b,clc_fce,W(RN)(RP),word_order,clc_w,ambiguous,1,,{},err__clc_fce__912d71c06e2ff8c8,needs_review,CLC code targets word order. Compound CLC label preserves nested or overlapping source annotation; review before using as a single category.
review__error_skill_mapping_review__5079d9011353d209,clc_fce,W(RN)(RP)(MP(AGN)),word_order,clc_w,ambiguous,1,,{},err__clc_fce__c5db8709016b2ab4,needs_review,CLC code targets word order. Compound CLC label preserves nested or overlapping source annotation; review before using as a single category.
review__error_skill_mapping_review__6f138fe58e64f113,clc_fce,W(RN)(RT),word_order,clc_w,ambiguous,1,,{},err__clc_fce__0133b2665fc20d70,needs_review,CLC code targets word order. Compound CLC label preserves nested or overlapping source annotation; review before using as a single category.
review__error_skill_mapping_review__0db56a29a3fd1571,clc_fce,W(RN)(S),word_order,clc_w,ambiguous,1,,{},err__clc_fce__70462a74327b31f5,needs_review,CLC code targets word order. Compound CLC label preserves nested or overlapping source annotation; review before using as a single category.
review__error_skill_mapping_review__de111a64502a6905,clc_fce,W(RN)(UD),word_order,clc_w,ambiguous,1,,{},err__clc_fce__ca858bdc72ebd014,needs_review,CLC code targets word order. Compound CLC label preserves nested or overlapping source annotation; review before using as a single category.
review__error_skill_mapping_review__a2b75b34d4dc73bc,clc_fce,W(RP(S)),word_order,clc_w,ambiguous,1,,{},err__clc_fce__7a3a6e3ab43e9103,needs_review,CLC code targets word order. Compound CLC label preserves nested or overlapping source annotation; review before using as a single category.
review__error_skill_mapping_review__c3d23f9f070407e7,clc_fce,W(RP(S))(RN),word_order,clc_w,ambiguous,1,,{},err__clc_fce__80fa1efcb3480b72,needs_review,CLC code targets word order. Compound CLC label preserves nested or overlapping source annotation; review before using as a single category.
review__error_skill_mapping_review__cde72efe15a1298a,clc_fce,W(RP)(M),word_order,clc_w,ambiguous,1,,{},err__clc_fce__bea4413077d6c174,needs_review,CLC code targets word order. Compound CLC label preserves nested or overlapping source annotation; review before using as a single category.
review__error_skill_mapping_review__fd1b0d51a610fbea,clc_fce,W(RP)(UP)(UP),word_order,clc_w,ambiguous,1,,{},err__clc_fce__4e05cda2f96990aa,needs_review,CLC code targets word order. Compound CLC label preserves nested or overlapping source annotation; review before using as a single category.
review__error_skill_mapping_review__fc81fd7c52ba6d22,clc_fce,W(RQ)(TV),word_order,clc_w,ambiguous,1,,{},err__clc_fce__236383220837ff64,needs_review,CLC code targets word order. Compound CLC label preserves nested or overlapping source annotation; review before using as a single category.
review__error_skill_mapping_review__2c5ea59e017886ac,clc_fce,W(RT)(MP),word_order,clc_w,ambiguous,1,,{},err__clc_fce__ed9b08b3151aa9cb,needs_review,CLC code targets word order. Compound CLC label preserves nested or overlapping source annotation; review before using as a single category.
review__error_skill_mapping_review__aafb5805363139a2,clc_fce,W(RT)(MV),word_order,clc_w,ambiguous,1,,{},err__clc_fce__4b6ee43c0a5d9f85,needs_review,CLC code targets word order. Compound CLC label preserves nested or overlapping source annotation; review before using as a single category.
review__error_skill_mapping_review__779ca8d40bc03f17,clc_fce,W(RT)(RT),word_order,clc_w,ambiguous,1,,{},err__clc_fce__9c3a6f3160c1d28c,needs_review,CLC code targets word order. Compound CLC label preserves nested or overlapping source annotation; review before using as a single category.
review__error_skill_mapping_review__38cc143275d34420,clc_fce,W(RT)(RT)(MD)(RP),word_order,clc_w,ambiguous,1,,{},err__clc_fce__d53b7a381d7696fd,needs_review,CLC code targets word order. Compound CLC label preserves nested or overlapping source annotation; review before using as a single category.
review__error_skill_mapping_review__ca086c0049cb2f72,clc_fce,W(RT)(S),word_order,clc_w,ambiguous,1,,{},err__clc_fce__e28d8287716b023d,needs_review,CLC code targets word order. Compound CLC label preserves nested or overlapping source annotation; review before using as a single category.
review__error_skill_mapping_review__91b3287856d39f27,clc_fce,W(RT)(TV),word_order,clc_w,ambiguous,1,,{},err__clc_fce__c414f2475ca3b594,needs_review,CLC code targets word order. Compound CLC label preserves nested or overlapping source annotation; review before using as a single category.
review__error_skill_mapping_review__2a474315934cf411,clc_fce,W(RT)(UA)(UV)(RT),word_order,clc_w,ambiguous,1,,{},err__clc_fce__09b5dbf12cbcd8b2,needs_review,CLC code targets word order. Compound CLC label preserves nested or overlapping source annotation; review before using as a single category.
review__error_skill_mapping_review__b3a9e208213b4899,clc_fce,W(RT)(UT),word_order,clc_w,ambiguous,1,,{},err__clc_fce__df751f3c5a0cf529,needs_review,CLC code targets word order. Compound CLC label preserves nested or overlapping source annotation; review before using as a single category.
review__error_skill_mapping_review__03f08e23818dd1dd,clc_fce,W(RV(IV)),word_order,clc_w,ambiguous,1,,{},err__clc_fce__cec43360085235cb,needs_review,CLC code targets word order. Compound CLC label preserves nested or overlapping source annotation; review before using as a single category.
review__error_skill_mapping_review__dbc8ac4fb54a1653,clc_fce,W(RV(S)),word_order,clc_w,ambiguous,1,,{},err__clc_fce__4e422913e1f2e60f,needs_review,CLC code targets word order. Compound CLC label preserves nested or overlapping source annotation; review before using as a single category.
review__error_skill_mapping_review__e679843e75c682ae,clc_fce,W(RV(S))(RV)(MT),word_order,clc_w,ambiguous,1,,{},err__clc_fce__ed196081c162b220,needs_review,CLC code targets word order. Compound CLC label preserves nested or overlapping source annotation; review before using as a single category.
review__error_skill_mapping_review__601cb7b6ec4f01bc,clc_fce,W(RV)(DY(S)),word_order,clc_w,ambiguous,1,,{},err__clc_fce__2bc9aa0236f23e18,needs_review,CLC code targets word order. Compound CLC label preserves nested or overlapping source annotation; review before using as a single category.
review__error_skill_mapping_review__10306081ac179420,clc_fce,W(RV)(RN),word_order,clc_w,ambiguous,1,,{},err__clc_fce__ec2c137a7cd992a4,needs_review,CLC code targets word order. Compound CLC label preserves nested or overlapping source annotation; review before using as a single category.
review__error_skill_mapping_review__3bfb520859a91858,clc_fce,W(RV)(TV),word_order,clc_w,ambiguous,1,,{},err__clc_fce__432f6440b3bd4585,needs_review,CLC code targets word order. Compound CLC label preserves nested or overlapping source annotation; review before using as a single category.
review__error_skill_mapping_review__a260f4d445daff3d,clc_fce,W(RV)(UT),word_order,clc_w,ambiguous,1,,{},err__clc_fce__53bea81ca506a5f7,needs_review,CLC code targets word order. Compound CLC label preserves nested or overlapping source annotation; review before using as a single category.
review__error_skill_mapping_review__608edff6aa1716fd,clc_fce,W(RY)(FV)(RA),word_order,clc_w,ambiguous,1,,{},err__clc_fce__6b6a89193ab86601,needs_review,CLC code targets word order. Compound CLC label preserves nested or overlapping source annotation; review before using as a single category.
review__error_skill_mapping_review__c011aa6fe9e88fc8,clc_fce,W(RY)(RP),word_order,clc_w,ambiguous,1,,{},err__clc_fce__bbbe04ec2bbeb69d,needs_review,CLC code targets word order. Compound CLC label preserves nested or overlapping source annotation; review before using as a single category.
review__error_skill_mapping_review__8019263950760f34,clc_fce,W(RY)(TV)(UT)(AGA),word_order,clc_w,ambiguous,1,,{},err__clc_fce__46a556a630dbe73d,needs_review,CLC code targets word order. Compound CLC label preserves nested or overlapping source annotation; review before using as a single category.
review__error_skill_mapping_review__529537d5aecc0f6a,clc_fce,W(RY)(U),word_order,clc_w,ambiguous,1,,{},err__clc_fce__bf6c63157b41eaac,needs_review,CLC code targets word order. Compound CLC label preserves nested or overlapping source annotation; review before using as a single category.
review__error_skill_mapping_review__6f387881bacada36,clc_fce,W(RY)(UY),word_order,clc_w,ambiguous,1,,{},err__clc_fce__ea3274ac7759de57,needs_review,CLC code targets word order. Compound CLC label preserves nested or overlapping source annotation; review before using as a single category.
review__error_skill_mapping_review__ba962dabfb6ed3bd,clc_fce,W(S)(AGV),word_order,clc_w,ambiguous,1,,{},err__clc_fce__e64fd811455c27d9,needs_review,CLC code targets word order. Compound CLC label preserves nested or overlapping source annotation; review before using as a single category.
review__error_skill_mapping_review__3d9f6bb63ddc7d73,clc_fce,W(S)(FV),word_order,clc_w,ambiguous,1,,{},err__clc_fce__51927005c97bef46,needs_review,CLC code targets word order. Compound CLC label preserves nested or overlapping source annotation; review before using as a single category.
review__error_skill_mapping_review__fa9d5bda6bd4db9d,clc_fce,W(S)(MT),word_order,clc_w,ambiguous,1,,{},err__clc_fce__8f2e806609002aeb,needs_review,CLC code targets word order. Compound CLC label preserves nested or overlapping source annotation; review before using as a single category.
review__error_skill_mapping_review__e041ea7047e4d2dc,clc_fce,W(S)(RY),word_order,clc_w,ambiguous,1,,{},err__clc_fce__69f5c0849afa7ebe,needs_review,CLC code targets word order. Compound CLC label preserves nested or overlapping source annotation; review before using as a single category.
review__error_skill_mapping_review__795cf5f12b48b505,clc_fce,W(S)(UT),word_order,clc_w,ambiguous,1,,{},err__clc_fce__d0c238d11e47904a,needs_review,CLC code targets word order. Compound CLC label preserves nested or overlapping source annotation; review before using as a single category.
review__error_skill_mapping_review__c9b75c2138b06f41,clc_fce,W(S)(UV),word_order,clc_w,ambiguous,1,,{},err__clc_fce__741a8a9c61a75dc7,needs_review,CLC code targets word order. Compound CLC label preserves nested or overlapping source annotation; review before using as a single category.
review__error_skill_mapping_review__ce59ccf3479a86ff,clc_fce,W(SX)(RJ)(SX),word_order,clc_w,ambiguous,1,,{},err__clc_fce__412ae5df95766746,needs_review,CLC code targets word order. Compound CLC label preserves nested or overlapping source annotation; review before using as a single category.
review__error_skill_mapping_review__9a86ebb7bc1a9b7c,clc_fce,W(TV(SX))(FN)(MD)(UP),word_order,clc_w,ambiguous,1,,{},err__clc_fce__bef9a90e225be810,needs_review,CLC code targets word order. Compound CLC label preserves nested or overlapping source annotation; review before using as a single category.
review__error_skill_mapping_review__609c6679ffbae260,clc_fce,W(TV)(FN),word_order,clc_w,ambiguous,1,,{},err__clc_fce__13ea8d3e43853143,needs_review,CLC code targets word order. Compound CLC label preserves nested or overlapping source annotation; review before using as a single category.
review__error_skill_mapping_review__f7b2b2b7b7360c9b,clc_fce,W(TV)(MA),word_order,clc_w,ambiguous,1,,{},err__clc_fce__173fef7fa62084c4,needs_review,CLC code targets word order. Compound CLC label preserves nested or overlapping source annotation; review before using as a single category.
review__error_skill_mapping_review__838c4c14be94aba8,clc_fce,W(TV)(MD)(MP),word_order,clc_w,ambiguous,1,,{},err__clc_fce__d09dd19d8e15a33f,needs_review,CLC code targets word order. Compound CLC label preserves nested or overlapping source annotation; review before using as a single category.
review__error_skill_mapping_review__fcc0462983ddddf3,clc_fce,W(TV)(MD)(SA)(FN),word_order,clc_w,ambiguous,1,,{},err__clc_fce__6fb5f105abdf811f,needs_review,CLC code targets word order. Compound CLC label preserves nested or overlapping source annotation; review before using as a single category.
review__error_skill_mapping_review__9befbe7894f4ca20,clc_fce,W(TV)(R),word_order,clc_w,ambiguous,1,,{},err__clc_fce__3353682bc1d74f61,needs_review,CLC code targets word order. Compound CLC label preserves nested or overlapping source annotation; review before using as a single category.
review__error_skill_mapping_review__a6b090b34b8c89e1,clc_fce,W(TV)(RD),word_order,clc_w,ambiguous,1,,{},err__clc_fce__0e17b5f51759a6e8,needs_review,CLC code targets word order. Compound CLC label preserves nested or overlapping source annotation; review before using as a single category.
review__error_skill_mapping_review__32cc5d34c216429c,clc_fce,W(TV)(S),word_order,clc_w,ambiguous,1,,{},err__clc_fce__5b5e3f34e8136839,needs_review,CLC code targets word order. Compound CLC label preserves nested or overlapping source annotation; review before using as a single category.
review__error_skill_mapping_review__52f52f20ca6a3016,clc_fce,W(TV)(SX),word_order,clc_w,ambiguous,1,,{},err__clc_fce__8c51f269797d777b,needs_review,CLC code targets word order. Compound CLC label preserves nested or overlapping source annotation; review before using as a single category.
review__error_skill_mapping_review__4f24afad649bdaef,clc_fce,W(TV)(UV),word_order,clc_w,ambiguous,1,,{},err__clc_fce__147aa4a7abe3a803,needs_review,CLC code targets word order. Compound CLC label preserves nested or overlapping source annotation; review before using as a single category.
review__error_skill_mapping_review__6018febac209d2a8,clc_fce,W(U)(DJ)(UA),word_order,clc_w,ambiguous,1,,{},err__clc_fce__552f63fc881c804c,needs_review,CLC code targets word order. Compound CLC label preserves nested or overlapping source annotation; review before using as a single category.
review__error_skill_mapping_review__26958795e5fb56e7,clc_fce,W(U)(MT),word_order,clc_w,ambiguous,1,,{},err__clc_fce__a42be188fd877a1a,needs_review,CLC code targets word order. Compound CLC label preserves nested or overlapping source annotation; review before using as a single category.
review__error_skill_mapping_review__0aab7c4394c12112,clc_fce,W(U)(UP),word_order,clc_w,ambiguous,1,,{},err__clc_fce__9d9efc6ae3c62e61,needs_review,CLC code targets word order. Compound CLC label preserves nested or overlapping source annotation; review before using as a single category.
review__error_skill_mapping_review__a23ba5ad0f5c40ec,clc_fce,W(UA),word_order,clc_w,ambiguous,1,,{},err__clc_fce__ee60b7639b492880,needs_review,CLC code targets word order. Compound CLC label preserves nested or overlapping source annotation; review before using as a single category.
review__error_skill_mapping_review__7121287e33a54a41,clc_fce,W(UA)(MD)(AGN)(IV),word_order,clc_w,ambiguous,1,,{},err__clc_fce__9640e4fcaeee27c2,needs_review,CLC code targets word order. Compound CLC label preserves nested or overlapping source annotation; review before using as a single category.
review__error_skill_mapping_review__0f741d40576172e7,clc_fce,W(UA)(UT),word_order,clc_w,ambiguous,1,,{},err__clc_fce__28d562b4f4ac1285,needs_review,CLC code targets word order. Compound CLC label preserves nested or overlapping source annotation; review before using as a single category.
review__error_skill_mapping_review__2a8517c7b12ad906,clc_fce,W(UC)(S),word_order,clc_w,ambiguous,1,,{},err__clc_fce__0c6d99e46067a315,needs_review,CLC code targets word order. Compound CLC label preserves nested or overlapping source annotation; review before using as a single category.
review__error_skill_mapping_review__fd3bc681a79351e0,clc_fce,W(UD)(MA),word_order,clc_w,ambiguous,1,,{},err__clc_fce__4cd2ce3125f8d4c1,needs_review,CLC code targets word order. Compound CLC label preserves nested or overlapping source annotation; review before using as a single category.
review__error_skill_mapping_review__61a0dd69679f7a76,clc_fce,W(UP)(MT)(MD),word_order,clc_w,ambiguous,1,,{},err__clc_fce__d202d1504bacba08,needs_review,CLC code targets word order. Compound CLC label preserves nested or overlapping source annotation; review before using as a single category.
review__error_skill_mapping_review__bfc76967e405f10c,clc_fce,W(UP)(R),word_order,clc_w,ambiguous,1,,{},err__clc_fce__31bf4eb79e993adc,needs_review,CLC code targets word order. Compound CLC label preserves nested or overlapping source annotation; review before using as a single category.
review__error_skill_mapping_review__a5e8c5da55940e71,clc_fce,W(UP)(TV),word_order,clc_w,ambiguous,1,,{},err__clc_fce__65f3ac5d335e0164,needs_review,CLC code targets word order. Compound CLC label preserves nested or overlapping source annotation; review before using as a single category.
review__error_skill_mapping_review__ce5f261826621c30,clc_fce,W(UT)(DJ),word_order,clc_w,ambiguous,1,,{},err__clc_fce__e4f4703b7b8b87d8,needs_review,CLC code targets word order. Compound CLC label preserves nested or overlapping source annotation; review before using as a single category.
review__error_skill_mapping_review__9ba774c659a4ac7b,clc_fce,W(UT)(FV)(MT),word_order,clc_w,ambiguous,1,,{},err__clc_fce__6d4b99f6a839adc7,needs_review,CLC code targets word order. Compound CLC label preserves nested or overlapping source annotation; review before using as a single category.
review__error_skill_mapping_review__81d9c320539e4e18,clc_fce,W(UT)(L),word_order,clc_w,ambiguous,1,,{},err__clc_fce__eaad6a073c62eed7,needs_review,CLC code targets word order. Compound CLC label preserves nested or overlapping source annotation; review before using as a single category.
review__error_skill_mapping_review__45722bfd2a8b6d83,clc_fce,W(UT)(MV),word_order,clc_w,ambiguous,1,,{},err__clc_fce__ce7a0bd6ee6d5070,needs_review,CLC code targets word order. Compound CLC label preserves nested or overlapping source annotation; review before using as a single category.
review__error_skill_mapping_review__857b9d61b8e99b60,clc_fce,W(UT)(RA),word_order,clc_w,ambiguous,1,,{},err__clc_fce__aa6c324450b9efd2,needs_review,CLC code targets word order. Compound CLC label preserves nested or overlapping source annotation; review before using as a single category.
review__error_skill_mapping_review__5106d18d80570947,clc_fce,W(UT)(RV(RN)),word_order,clc_w,ambiguous,1,,{},err__clc_fce__87dcc9385daf7c2e,needs_review,CLC code targets word order. Compound CLC label preserves nested or overlapping source annotation; review before using as a single category.
review__error_skill_mapping_review__1d20110142ec2c23,clc_fce,W(UT)(SX),word_order,clc_w,ambiguous,1,,{},err__clc_fce__f7291d4e3f1763e4,needs_review,CLC code targets word order. Compound CLC label preserves nested or overlapping source annotation; review before using as a single category.
review__error_skill_mapping_review__a2d6336c7cf1ccbd,clc_fce,W(UT)(UT),word_order,clc_w,ambiguous,1,,{},err__clc_fce__3088be403e58f44c,needs_review,CLC code targets word order. Compound CLC label preserves nested or overlapping source annotation; review before using as a single category.
review__error_skill_mapping_review__4f601b1541c129ea,clc_fce,W(UV),word_order,clc_w,ambiguous,1,,{},err__clc_fce__33457e0b019ed167,needs_review,CLC code targets word order. Compound CLC label preserves nested or overlapping source annotation; review before using as a single category.
review__error_skill_mapping_review__b43cb4d2f38b08c2,clc_fce,W(UV)(MV)(MY)(RP),word_order,clc_w,ambiguous,1,,{},err__clc_fce__29b50633583f9fb5,needs_review,CLC code targets word order. Compound CLC label preserves nested or overlapping source annotation; review before using as a single category.
review__error_skill_mapping_review__a0ad6de586e00f25,clc_fce,W(UV)(TV),word_order,clc_w,ambiguous,1,,{},err__clc_fce__944d25deafadd135,needs_review,CLC code targets word order. Compound CLC label preserves nested or overlapping source annotation; review before using as a single category.
review__error_skill_mapping_review__70af621cc5026395,clc_fce,W(X)(RV)(RN),word_order,clc_w,ambiguous,1,,{},err__clc_fce__1da9155deb75c594,needs_review,CLC code targets word order. Compound CLC label preserves nested or overlapping source annotation; review before using as a single category.
review__error_skill_mapping_review__42d893ef276f59cd,clc_fce,X(MT),other,clc_x,ambiguous,1,,{},err__clc_fce__3ff2b3766c5ab5d5,needs_review,CLC miscellaneous label is intentionally held for review. Compound CLC label preserves nested or overlapping source annotation; review before using as a single category.
review__error_skill_mapping_review__a6475f06069d5ff9,clc_fce,X(MV)(RV(FV))(RP),other,clc_x,ambiguous,1,,{},err__clc_fce__760e2aba0290e53a,needs_review,CLC miscellaneous label is intentionally held for review. Compound CLC label preserves nested or overlapping source annotation; review before using as a single category.
review__error_skill_mapping_review__b0312d8387cdc1f0,clc_fce,X(RA)(RT),other,clc_x,ambiguous,1,,{},err__clc_fce__15dd168f3011d3ca,needs_review,CLC miscellaneous label is intentionally held for review. Compound CLC label preserves nested or overlapping source annotation; review before using as a single category.
review__error_skill_mapping_review__0cdf57468b4e2e0c,clc_fce,X(RJ)(RT),other,clc_x,ambiguous,1,,{},err__clc_fce__cbaa1a59d3ef9040,needs_review,CLC miscellaneous label is intentionally held for review. Compound CLC label preserves nested or overlapping source annotation; review before using as a single category.
review__error_skill_mapping_review__64fc921faeacca48,clc_fce,X(RT),other,clc_x,ambiguous,1,,{},err__clc_fce__3b8aaad46817bad3,needs_review,CLC miscellaneous label is intentionally held for review. Compound CLC label preserves nested or overlapping source annotation; review before using as a single category.
review__error_skill_mapping_review__6027b905b8b49f4e,clc_fce,X(UN),other,clc_x,ambiguous,1,,{},err__clc_fce__2bf36120e71588d6,needs_review,CLC miscellaneous label is intentionally held for review. Compound CLC label preserves nested or overlapping source annotation; review before using as a single category.
review__error_skill_mapping_review__1e6ae274cee4e8ae,clc_fce,X(UP),other,clc_x,ambiguous,1,,{},err__clc_fce__c9d3323b82c7e30a,needs_review,CLC miscellaneous label is intentionally held for review. Compound CLC label preserves nested or overlapping source annotation; review before using as a single category.
review__error_skill_mapping_review__a23d3ac278c76518,clc_fce,AGV,subject_verb_agreement,clc_agv,exact,822,grammar.present_simple.third_person_s,"{""candidate"": 822}",err__clc_fce__67f057f36d82d709;err__clc_fce__29da3a4896a7ea04;err__clc_fce__f809766e33b92620;err__clc_fce__4e705c85556a3f8e;err__clc_fce__76c3b57894efa2c7,needs_review,CLC README defines AGV as a verb agreement error.
review__error_skill_mapping_review__15783f37e6432b4f,clc_fce,DI,unmapped,,unmapped,7,,{},err__clc_fce__9cd6bef32fb5e5b8;err__clc_fce__7e0f3a739e2c5eec;err__clc_fce__c0f659f18435d58e;err__clc_fce__dcf9f5d074bbf150;err__clc_fce__6b063eb5da2627b9,needs_review,CLC FCE source label 'DI' is not covered by V1 normalization rules.
review__error_skill_mapping_review__5ac62c006af89d64,clc_fce,DI(MP),unmapped,,unmapped,1,,{},err__clc_fce__c7b1f0b4f2150782,needs_review,CLC FCE source label 'DI' is not covered by V1 normalization rules.
review__error_skill_mapping_review__25ff517c0ed5f4ed,efcamdat,D,other,efcamdat_deletion,ambiguous,536663,,{},err__efcamdat__a5329c3ed305967b;err__efcamdat__0a67c396bdcec981;err__efcamdat__0bdc7c1cb050963f;err__efcamdat__555cd03755f3e713;err__efcamdat__0010b4606b2c873a,needs_review,EFCAMDAT D marks deletion/unnecessary material but not a deterministic grammar category.
review__error_skill_mapping_review__80f85b9a2e9b5e68,efcamdat,AG,other,efcamdat_ag,ambiguous,96657,,{},err__efcamdat__741bd00ed91e44d0;err__efcamdat__8d3c8de2b7927894;err__efcamdat__5324a1bba94e947e;err__efcamdat__d800dacec696afc9;err__efcamdat__ea61ae7ef62f3b33,needs_review,EFCAMDAT AG is a broad agreement label and is not forced into subject-verb agreement.
review__error_skill_mapping_review__cf7d90a45a93d0ed,efcamdat,IS,other,efcamdat_is,ambiguous,92588,,{},err__efcamdat__93e0fde2c5504ce0;err__efcamdat__dc2473a3f9d00f6c;err__efcamdat__ad5b279a08d8beba;err__efcamdat__3715131d118ef9dd;err__efcamdat__40b19e36561212a4,needs_review,EFCAMDAT IS is not deterministic in V1.
review__error_skill_mapping_review__b550904ccb32f95d,efcamdat,XC,other,efcamdat_xc,ambiguous,58784,,{},err__efcamdat__079a9cbae365f844;err__efcamdat__ea61d55e3dd7a09e;err__efcamdat__de85d4f0adff89e9;err__efcamdat__8c6c171928602b93;err__efcamdat__5f4fd13a3926a48a,needs_review,EFCAMDAT XC is not deterministic in V1.
review__error_skill_mapping_review__65ba91611ebed375,efcamdat,EX,other,efcamdat_ex,ambiguous,43659,,{},err__efcamdat__e390ef4dccb5757a;err__efcamdat__fac180985d25423d;err__efcamdat__aae6dc577e5ff685;err__efcamdat__fd694eddf9fa9211;err__efcamdat__008c4e40888a4700,needs_review,EFCAMDAT EX is not deterministic in V1.
review__error_skill_mapping_review__3dca6ecc02749793,efcamdat,CO,other,efcamdat_co,ambiguous,32047,,{},err__efcamdat__ab963c12bcada254;err__efcamdat__20fb83d392cd6ade;err__efcamdat__b10f9d371ca08240;err__efcamdat__eb5da8eafc47b517;err__efcamdat__61f6f360e593aae1,needs_review,EFCAMDAT CO is not deterministic in V1.
review__error_skill_mapping_review__e57c3f6a47632f18,efcamdat,NS,other,efcamdat_ns,ambiguous,21259,,{},err__efcamdat__1849bda1c76e833e;err__efcamdat__80e8111c6811cef8;err__efcamdat__7a6c535653484d7d;err__efcamdat__73e77676d445406c;err__efcamdat__b6b830fb29a43bfe,needs_review,EFCAMDAT NS is not deterministic in V1.
review__error_skill_mapping_review__e04d53c5029bc5bb,efcamdat,PO,other,efcamdat_po,ambiguous,18559,,{},err__efcamdat__294eb461efff15fd;err__efcamdat__0edd0b753e6e22fa;err__efcamdat__716f60be9657cf9a;err__efcamdat__6f545ead213c5d17;err__efcamdat__d855096521899fc1,needs_review,EFCAMDAT PO is not deterministic in V1.
review__error_skill_mapping_review__5a288d5f32a00b4f,efcamdat,PS,other,efcamdat_ps,ambiguous,16587,,{},err__efcamdat__8e64f6966d7c7959;err__efcamdat__0c1871eea43c2d77;err__efcamdat__c9ff89635bbcef51;err__efcamdat__937b7b5409def21d;err__efcamdat__9acc4834e4289b93,needs_review,EFCAMDAT PS is not deterministic in V1.
review__error_skill_mapping_review__679e00efe00db17b,efcamdat,PH,other,efcamdat_ph,ambiguous,13144,,{},err__efcamdat__6251f896398ed086;err__efcamdat__63db8608bac22005;err__efcamdat__34e17488b287e975;err__efcamdat__5b34211338be27ff;err__efcamdat__40d25a8f03ad6a13,needs_review,EFCAMDAT PH is not deterministic in V1.
review__error_skill_mapping_review__179db51d4ddf8219,efcamdat,NSW,other,efcamdat_nsw,ambiguous,7397,,{},err__efcamdat__0899cf02a0f47fb2;err__efcamdat__c80d70e096a3ee16;err__efcamdat__c6d3a41aa3a27095;err__efcamdat__467512d5d65083c9;err__efcamdat__eba0c855875b2a50,needs_review,EFCAMDAT NSW is not deterministic in V1.
review__error_skill_mapping_review__ab3765c817c04c0b,efcamdat,HL,other,efcamdat_hl,ambiguous,6077,,{},err__efcamdat__5aa7913fbeefc246;err__efcamdat__737336163ea6570f;err__efcamdat__f62b2906813ad52f;err__efcamdat__7e8bf90f0cd1f512;err__efcamdat__50bf40b5787c7f68,needs_review,EFCAMDAT HL is not deterministic in V1.
review__error_skill_mapping_review__bfd90b7526bf100b,efcamdat,VT and WC,other,multi_label,ambiguous,2,,{},err__efcamdat__cef6c04480a95fc2;err__efcamdat__15642bb9ca74f3dc,needs_review,EFCAMDAT symbol contains multiple source-native labels; preserve for review instead of flattening semantics.
review__error_skill_mapping_review__4383350fd1b60034,efcamdat,SP and VT,other,multi_label,ambiguous,1,,{},err__efcamdat__159f567932e5f5c6,needs_review,EFCAMDAT symbol contains multiple source-native labels; preserve for review instead of flattening semantics.
review__error_skill_mapping_review__415074cf2b824a99,efcamdat,WC and VT,other,multi_label,ambiguous,1,,{},err__efcamdat__431bac5b15768ac3,needs_review,EFCAMDAT symbol contains multiple source-native labels; preserve for review instead of flattening semantics.
review__error_skill_mapping_review__c61c18e2b3edb4fa,efcamdat,WO and PL,other,multi_label,ambiguous,1,,{},err__efcamdat__9426fad5f4e07ca5,needs_review,EFCAMDAT symbol contains multiple source-native labels; preserve for review instead of flattening semantics.
review__error_skill_mapping_review__44e56e665f6312d2,efcamdat,Word Limit,other,efcamdat_word_limit,exact,997,,{},err__efcamdat__56aa61db4d5315d9;err__efcamdat__4ed70dadb23bb47a;err__efcamdat__bfe531cbc007edde;err__efcamdat__b255fc935894e6c8;err__efcamdat__03e66af665e1971a,needs_review,EFCAMDAT Word Limit is a valid source annotation outside grammar categories.
review__error_skill_mapping_review__4b3a48d7267b4f45,efcamdat,undefined,unmapped,,unmapped,62,,{},err__efcamdat__6f6a817f5e338137;err__efcamdat__416847a287afdde8;err__efcamdat__56c2bc960bdd2a94;err__efcamdat__a1fb557ec5b61dab;err__efcamdat__776d886bce15c0aa,needs_review,EFCAMDAT undefined label has no source-native semantics for V1.
